client_id,total_properties_owned,total_investment_value,average_property_value,average_floor_area,age,client_type,gender,country,region,acquisition_purpose,loan_applied,referral_channel,satisfaction_score,cluster,buyer_segment
C0001,4,1246764.72,311691.18,983.885,58.0,Individual,F,Usa,California,Home,Yes,Website,4.0,1,Corporate Investors
C0003,5,1661457.59,332291.518,1058.11,67.0,Individual,M,Usa,California,Home,Yes,Agency,4.0,2,Global Investors
C0006,5,1514131.06,302826.212,989.59,69.0,Individual,M,Usa,California,Home,Yes,Website,3.0,1,Corporate Investors
C0009,5,1820832.35,364166.47,1305.644,51.0,Individual,M,Usa,California,Investment,No,Agency,5.0,2,Global Investors
C0013,5,2142750.89,428550.178,1407.376,64.0,Individual,M,Usa,California,Home,Yes,Website,1.0,2,Global Investors
C0014,4,1548140.0699999998,387035.0175,1280.5425,46.0,Company,M,Usa,California,Home,Yes,Website,3.0,2,Global Investors
C0016,4,1010217.73,252554.4325,842.145,87.0,Individual,F,Usa,California,Investment,No,Website,5.0,1,Corporate Investors
C0017,5,1778693.75,355738.75,1195.814,49.0,Individual,M,Usa,Arizona,Home,No,Client,3.0,2,Global Investors
C0018,4,1061478.67,265369.6675,913.8325,59.0,Individual,M,Usa,California,Home,Yes,Agency,2.0,1,Corporate Investors
C0019,4,1773474.26,443368.565,1402.0425,69.0,Individual,M,Usa,California,Home,Yes,Client,5.0,2,Global Investors
C0021,6,1928172.72,321362.12,1028.86,88.0,Individual,M,Usa,Oregon,Investment,No,Website,3.0,0,First-Time Buyers
C0023,5,1457871.69,291574.338,948.388,68.0,Individual,M,Usa,California,Home,Yes,Website,3.0,1,Corporate Investors
C0024,6,1884156.9,314026.15,1053.735,63.0,Individual,M,Usa,California,Investment,No,Website,4.0,0,First-Time Buyers
C0027,5,1517969.44,303593.888,1070.234,58.0,Individual,M,Usa,California,Home,Yes,Website,5.0,2,Global Investors
C0032,5,1888995.16,377799.032,1282.528,60.0,Individual,M,Usa,California,Home,No,Website,4.0,2,Global Investors
C0035,5,1987876.4,397575.28,1445.752,61.0,Individual,M,Mexico,Mexico City,Home,No,Agency,3.0,2,Global Investors
C0036,4,1173683.53,293420.8825,963.325,53.0,Individual,M,Usa,California,Home,No,Website,4.0,1,Corporate Investors
C0042,4,1101390.25,275347.5625,913.8425,51.0,Individual,F,Usa,Utah,Home,Yes,Website,1.0,1,Corporate Investors
C0043,4,1126492.46,281623.115,983.505,61.0,Individual,M,Usa,Nevada,Investment,Yes,Website,3.0,1,Corporate Investors
C0045,5,1463432.36,292686.47199999995,913.774,58.0,Individual,M,Usa,Colorado,Investment,No,Agency,2.0,1,Corporate Investors
C0050,9,2744452.35,304939.15,993.5088888888888,86.0,Individual,M,Usa,California,Home,No,Website,5.0,0,First-Time Buyers
C0051,4,1270440.42,317610.105,1039.56,85.0,Individual,F,Usa,Colorado,Home,No,Agency,3.0,1,Corporate Investors
C0052,4,1474211.53,368552.8825,1187.925,59.0,Individual,F,Usa,Oregon,Investment,No,Client,2.0,2,Global Investors
C0053,4,1120539.44,280134.86,929.245,72.0,Individual,M,Usa,Arizona,Home,No,Agency,4.0,1,Corporate Investors
C0055,4,1178979.21,294744.8025,989.83,53.0,Individual,F,Usa,California,Home,Yes,Agency,5.0,1,Corporate Investors
C0056,4,1579301.36,394825.34,1355.5975,62.0,Individual,M,Usa,Oregon,Investment,No,Agency,5.0,2,Global Investors
C0057,5,2020519.52,404103.904,1344.1439999999998,93.0,Individual,M,Usa,California,Home,Yes,Agency,4.0,2,Global Investors
C0058,5,1441406.17,288281.234,919.84,57.0,Company,F,Usa,California,Investment,Yes,Website,1.0,1,Corporate Investors
C0060,4,1355662.25,338915.5625,1119.4675,54.0,Individual,F,Usa,California,Home,No,Website,5.0,2,Global Investors
C0061,4,1306907.58,326726.895,1101.62,59.0,Individual,M,Usa,Utah,Home,No,Agency,5.0,1,Corporate Investors
C0064,4,1448881.28,362220.32,1095.85,52.0,Individual,M,Uk,Northern Ireland,Investment,No,Agency,4.0,2,Global Investors
C0067,5,1431941.84,286388.368,851.818,49.0,Individual,M,Usa,California,Home,No,Website,2.0,1,Corporate Investors
C0069,5,1439142.47,287828.494,957.588,56.0,Individual,M,Usa,California,Investment,No,Website,4.0,1,Corporate Investors
C0072,6,2246488.58,374414.76333333337,1129.4916666666666,73.0,Individual,M,Usa,Nevada,Investment,No,Website,2.0,0,First-Time Buyers
C0073,4,1413902.33,353475.5825,1194.0325,61.0,Individual,F,Denmark,Capital Region,Investment,No,Agency,1.0,2,Global Investors
C0074,5,1709458.65,341891.73,1138.044,67.0,Individual,F,Usa,Oregon,Investment,No,Client,5.0,2,Global Investors
C0075,4,1269395.74,317348.935,1048.3425,56.0,Individual,F,Usa,California,Home,No,Website,3.0,1,Corporate Investors
C0093,5,1732558.38,346511.676,1196.466,64.0,Individual,M,Usa,California,Home,No,Agency,2.0,2,Global Investors
C0099,6,2000308.58,333384.76333333337,1201.5883333333334,85.0,Individual,M,Usa,California,Investment,No,Website,4.0,0,First-Time Buyers
C0100,4,1449544.65,362386.1625,1174.44,57.0,Individual,M,Usa,California,Home,No,Website,3.0,2,Global Investors
C0101,4,1125013.8,281253.45,874.345,75.0,Individual,F,Usa,Nevada,Home,No,Website,3.0,1,Corporate Investors
C0105,5,1328084.36,265616.87200000003,850.948,67.0,Individual,F,Usa,California,Investment,Yes,Website,2.0,1,Corporate Investors
C0106,4,957679.27,239419.8175,820.9825000000001,73.0,Individual,M,Usa,Colorado,Home,No,Website,4.0,1,Corporate Investors
C0107,5,1715058.23,343011.646,1102.66,67.0,Individual,M,Usa,California,Home,Yes,Agency,4.0,2,Global Investors
C0109,5,1995551.09,399110.218,1285.854,93.0,Individual,F,Usa,California,Investment,Yes,Agency,5.0,0,First-Time Buyers
C0110,5,1205555.46,241111.092,811.4019999999999,67.0,Individual,F,Usa,California,Investment,Yes,Agency,5.0,1,Corporate Investors
C0112,5,1775142.2,355028.44,1115.986,66.0,Individual,F,Usa,California,Investment,Yes,Agency,1.0,2,Global Investors
C0115,5,1757354.59,351470.918,1143.692,48.0,Individual,F,Usa,California,Home,No,Agency,5.0,2,Global Investors
C0116,8,2484590.08,310573.76,1039.8925,71.0,Individual,F,Usa,California,Investment,No,Website,4.0,0,First-Time Buyers
C0117,8,2884556.25,360569.53125,1135.78625,62.0,Individual,M,Uk,Scotland,Investment,No,Agency,4.0,0,First-Time Buyers
C0118,4,1218377.19,304594.2975,1009.1225,78.0,Individual,F,Usa,Oregon,Investment,No,Agency,5.0,1,Corporate Investors
C0126,5,1319929.46,263985.892,850.052,54.0,Individual,F,Usa,California,Investment,No,Agency,2.0,1,Corporate Investors
C0131,5,1428058.5499999998,285611.71,928.794,55.0,Individual,M,Usa,California,Home,No,Website,1.0,1,Corporate Investors
C0135,4,1221442.92,305360.73,1043.61,87.0,Individual,M,Usa,Utah,Investment,No,Agency,2.0,1,Corporate Investors
C0142,5,1673770.19,334754.038,1149.396,48.0,Individual,F,Usa,Nevada,Home,Yes,Website,3.0,2,Global Investors
C0146,4,1481536.39,370384.0975,1242.6425,63.0,Individual,M,Usa,Colorado,Home,No,Website,2.0,2,Global Investors
C0149,4,1049009.0,262252.25,906.485,71.0,Individual,M,Russia,Krasnodar Krai,Investment,No,Agency,3.0,1,Corporate Investors
C0158,4,1439477.66,359869.415,1131.4975,47.0,Individual,F,Usa,Virginia,Investment,Yes,Agency,3.0,2,Global Investors
C0160,5,1679716.96,335943.392,1144.06,67.0,Individual,F,Usa,California,Home,No,Website,4.0,2,Global Investors
C0161,9,2534264.26,281584.91777777777,939.4144444444444,75.0,Individual,M,Usa,California,Home,No,Website,5.0,0,First-Time Buyers
C0165,3,1276849.33,425616.44333333336,1357.1933333333334,70.0,Individual,F,Usa,California,Home,Yes,Website,3.0,2,Global Investors
C0167,7,2749577.33,392796.7614285714,1320.3814285714286,71.0,Individual,F,Uk,Scotland,Home,Yes,Website,3.0,0,First-Time Buyers
C0168,4,1491785.87,372946.4675,1329.6025,66.0,Individual,F,Usa,Nevada,Home,No,Agency,3.0,2,Global Investors
C0171,4,1278753.71,319688.4275,1070.72,35.0,Individual,F,Usa,Washington,Investment,Yes,Client,5.0,1,Corporate Investors
C0174,3,865359.73,288453.24333333335,869.7866666666667,44.0,Individual,F,Usa,California,Investment,No,Client,3.0,1,Corporate Investors
C0175,4,1606138.12,401534.53,1313.38,64.0,Individual,M,Usa,Washington,Home,No,Agency,5.0,2,Global Investors
C0177,7,2269897.21,324271.03,1160.9514285714286,75.0,Individual,F,Uk,England,Home,Yes,Website,5.0,0,First-Time Buyers
C0179,8,2131372.11,266421.51375,947.545,40.0,Individual,F,Usa,Oregon,Investment,No,Website,2.0,0,First-Time Buyers
C0182,8,3082362.35,385295.29375,1246.94625,55.0,Individual,F,Germany,North Rhine-Westphalia,Investment,Yes,Website,1.0,0,First-Time Buyers
C0185,7,2491911.81,355987.40142857144,1137.2942857142857,81.0,Individual,F,Usa,Nevada,Home,Yes,Agency,4.0,0,First-Time Buyers
C0186,8,2674286.63,334285.82875,1100.27125,44.0,Individual,F,Usa,Virginia,Home,No,Website,1.0,0,First-Time Buyers
C0188,7,2891447.6,413063.9428571429,1263.962857142857,86.0,Individual,M,Usa,Oregon,Home,Yes,Website,5.0,0,First-Time Buyers
C0189,7,2209659.42,315665.6314285714,1024.6857142857143,68.0,Individual,F,Usa,California,Home,No,Agency,2.0,0,First-Time Buyers
C0191,8,2172926.76,271615.84500000003,913.85125,49.0,Individual,F,Usa,Florida,Home,No,Agency,3.0,0,First-Time Buyers
C0192,7,2900509.1,414358.4428571428,1304.7214285714288,42.0,Individual,F,Belgium,Brussels,Investment,Yes,Website,2.0,0,First-Time Buyers
C0193,7,1933778.24,276254.03428571427,962.7214285714286,58.0,Individual,F,Usa,California,Investment,Yes,Website,4.0,0,First-Time Buyers
C0197,8,2775768.6,346971.075,1082.87,82.0,Individual,M,Usa,Virginia,Home,No,Client,4.0,0,First-Time Buyers
C0200,4,1071359.39,267839.84750000003,920.7075,82.0,Individual,F,Usa,California,Home,No,Agency,1.0,1,Corporate Investors
C0202,3,1019272.59,339757.53,1049.38,30.0,Individual,M,Canada,British Columbia,Home,No,Website,1.0,1,Corporate Investors
C0204,3,934432.98,311477.66,1042.7266666666667,79.0,Individual,F,Usa,California,Home,No,Agency,5.0,1,Corporate Investors
C0206,3,853060.9299999999,284353.6433333333,851.4266666666667,69.0,Individual,F,Usa,California,Home,Yes,Agency,1.0,1,Corporate Investors
C0215,3,1032856.46,344285.48666666663,1110.27,27.0,Individual,F,Germany,Hamburg,Investment,No,Website,4.0,1,Corporate Investors
C0217,4,1238434.91,309608.7275,1019.1225,42.0,Individual,F,Usa,Colorado,Home,No,Website,3.0,1,Corporate Investors
C0220,3,1060812.68,353604.2266666666,1101.55,75.0,Individual,M,Canada,Ontario,Investment,No,Website,1.0,1,Corporate Investors
C0222,3,1223560.82,407853.6066666667,1517.47,70.0,Individual,M,Usa,Utah,Investment,No,Agency,3.0,2,Global Investors
C0223,4,969341.87,242335.4675,837.5225,53.0,Individual,M,Usa,Colorado,Investment,Yes,Website,3.0,1,Corporate Investors
C0226,3,1571251.03,523750.3433333333,1599.3433333333332,68.0,Individual,F,Usa,Colorado,Home,No,Website,2.0,2,Global Investors
C0232,4,1276710.4900000002,319177.62250000006,1036.6525,64.0,Individual,F,Usa,California,Home,Yes,Website,3.0,1,Corporate Investors
C0233,4,1105806.54,276451.635,914.3125,29.0,Individual,M,France,Provence,Home,Yes,Website,4.0,1,Corporate Investors
C0234,3,839967.04,279989.01333333337,973.09,47.0,Individual,F,Usa,New York,Home,Yes,Website,1.0,1,Corporate Investors
C0235,4,1268586.58,317146.645,1092.085,77.0,Individual,M,Usa,California,Home,No,Website,5.0,1,Corporate Investors
C0236,3,1321475.69,440491.89666666667,1449.5,54.0,Individual,M,Canada,Manitoba,Home,No,Agency,3.0,2,Global Investors
C0237,3,1392353.31,464117.77,1630.1366666666663,42.0,Individual,M,Usa,California,Home,Yes,Website,5.0,2,Global Investors
C0238,3,1125732.72,375244.24,1125.17,44.0,Individual,F,Usa,Virginia,Home,Yes,Agency,4.0,2,Global Investors
C0243,4,1382777.89,345694.47250000003,1286.2725,48.0,Individual,F,Usa,Utah,Home,No,Website,2.0,2,Global Investors
C0244,3,1046652.28,348884.0933333333,1095.0333333333335,28.0,Individual,F,Usa,California,Home,No,Website,1.0,1,Corporate Investors
C0245,3,1354584.5,451528.1666666667,1439.256666666667,52.0,Individual,M,Usa,Nevada,Investment,No,Agency,4.0,2,Global Investors
C0248,3,1035934.63,345311.54333333333,1224.68,58.0,Individual,M,Usa,Florida,Home,Yes,Agency,4.0,1,Corporate Investors
C0249,4,1142995.52,285748.88,1027.3249999999998,58.0,Individual,F,Usa,California,Investment,No,Agency,4.0,1,Corporate Investors
C0251,3,463611.95,154537.31666666668,564.01,50.0,Individual,F,Usa,Utah,Home,No,Website,5.0,1,Corporate Investors
C0255,4,1689083.06,422270.765,1253.3075,65.0,Individual,F,Uk,England,Investment,Yes,Client,3.0,2,Global Investors
C0256,3,1150229.15,383409.7166666666,1281.3166666666666,36.0,Individual,M,Usa,California,Home,Yes,Website,1.0,2,Global Investors
C0260,4,1057192.79,264298.1975,820.9225,80.0,Individual,F,Usa,Nevada,Investment,No,Website,3.0,1,Corporate Investors
C0263,3,969140.41,323046.80333333334,1016.7633333333332,45.0,Individual,M,Usa,Nevada,Investment,Yes,Website,2.0,1,Corporate Investors
C0264,4,1127766.02,281941.505,972.245,34.0,Individual,F,Usa,Colorado,Home,Yes,Agency,2.0,1,Corporate Investors
C0267,4,1314495.01,328623.7525,1096.12,78.0,Individual,F,Usa,Utah,Home,Yes,Agency,4.0,1,Corporate Investors
C0269,3,1049110.08,349703.36000000004,1076.69,57.0,Individual,M,Usa,New York,Home,No,Agency,2.0,1,Corporate Investors
C0272,4,1439584.37,359896.0925,1248.58,33.0,Individual,F,Uk,Scotland,Home,Yes,Website,5.0,2,Global Investors
C0274,3,1343449.34,447816.4466666667,1467.89,76.0,Individual,M,Usa,Florida,Home,No,Website,2.0,2,Global Investors
C0278,3,1442538.67,480846.2233333333,1685.2766666666666,71.0,Individual,F,Usa,California,Investment,Yes,Website,2.0,2,Global Investors
C0283,4,1118599.47,279649.8675,922.54,64.0,Individual,F,Usa,Arizona,Home,Yes,Agency,2.0,1,Corporate Investors
C0285,4,1679056.13,419764.0325,1423.1725,27.0,Individual,M,France,Ile-De-France,Investment,No,Website,3.0,2,Global Investors
C0287,3,1171265.03,390421.6766666667,1205.9633333333334,36.0,Individual,F,Australia,New South Wales,Home,No,Website,5.0,2,Global Investors
C0288,4,1364289.23,341072.3075,1198.3725,29.0,Individual,M,Usa,Colorado,Investment,No,Agency,4.0,2,Global Investors
C0290,3,1215398.18,405132.7266666666,1337.1733333333334,64.0,Individual,M,Usa,California,Home,No,Website,2.0,2,Global Investors
C0291,3,1322506.76,440835.5866666666,1523.6933333333334,73.0,Individual,M,Usa,Nevada,Home,No,Agency,2.0,2,Global Investors
C0292,4,1442818.34,360704.585,1084.0625,81.0,Individual,F,Usa,California,Home,No,Agency,1.0,2,Global Investors
C0293,4,1580876.65,395219.1625,1299.3275,33.0,Individual,F,Usa,California,Investment,No,Website,4.0,2,Global Investors
C0295,3,1350375.73,450125.24333333335,1413.8666666666668,59.0,Individual,M,Russia,Tatarstan,Home,No,Agency,3.0,2,Global Investors
C0296,3,1142875.46,380958.4866666666,1238.0233333333333,42.0,Individual,M,Canada,Manitoba,Home,Yes,Client,1.0,2,Global Investors
C0298,4,1262479.23,315619.8075,1069.63,54.0,Individual,F,Usa,Oregon,Home,No,Website,3.0,1,Corporate Investors
C0299,4,1177661.76,294415.44,948.7575,49.0,Individual,F,Uk,Wales,Home,No,Agency,5.0,1,Corporate Investors
C0300,3,844956.55,281652.18333333335,877.9633333333333,67.0,Individual,M,Canada,Alberta,Home,Yes,Website,5.0,1,Corporate Investors
C0301,3,1045776.52,348592.17333333334,1286.4266666666667,67.0,Individual,F,Usa,Virginia,Home,No,Agency,4.0,1,Corporate Investors
C0303,4,1519113.12,379778.28,1242.0825,69.0,Individual,F,Usa,Virginia,Investment,Yes,Website,5.0,2,Global Investors
C0306,4,1399698.79,349924.6975,1075.505,38.0,Individual,M,Usa,California,Home,No,Client,1.0,2,Global Investors
C0308,3,1176582.54,392194.18,1343.8166666666666,54.0,Individual,F,Belgium,Flanders,Investment,Yes,Agency,4.0,2,Global Investors
C0310,3,1389329.62,463109.87333333335,1565.3233333333335,34.0,Individual,M,Uk,Northern Ireland,Home,No,Website,3.0,2,Global Investors
C0311,4,1632999.56,408249.89,1312.8225,74.0,Individual,M,Usa,Georgia,Home,No,Website,2.0,2,Global Investors
C0313,3,1091085.9300000002,363695.31000000006,1190.3133333333333,52.0,Company,M,Usa,California,Home,No,Agency,1.0,1,Corporate Investors
C0319,4,2061054.65,515263.6625,1726.0575,31.0,Company,F,Usa,Texas,Home,Yes,Website,5.0,2,Global Investors
C0320,3,1317732.09,439244.03,1465.92,42.0,Individual,M,Usa,Texas,Home,Yes,Client,3.0,2,Global Investors
C0321,4,1701753.71,425438.4275,1321.76,34.0,Individual,M,Usa,California,Investment,No,Agency,2.0,2,Global Investors
C0326,4,1321975.5,330493.875,1028.1275,68.0,Individual,M,Usa,Oregon,Investment,Yes,Agency,4.0,1,Corporate Investors
C0327,4,1116366.72,279091.68,933.355,65.0,Individual,F,Uk,Scotland,Home,No,Agency,1.0,1,Corporate Investors
C0329,3,770062.4,256687.46666666667,922.6666666666666,28.0,Individual,F,Germany,Hesse,Home,No,Agency,3.0,1,Corporate Investors
C0334,4,1445655.93,361413.9825,1047.99,76.0,Individual,M,Usa,Arizona,Investment,No,Agency,3.0,2,Global Investors
C0339,4,1548824.23,387206.0575,1170.135,63.0,Individual,M,Usa,Utah,Investment,No,Agency,5.0,2,Global Investors
C0341,4,1679555.42,419888.855,1293.0725,44.0,Individual,M,Usa,California,Investment,No,Agency,4.0,2,Global Investors
C0346,3,1174812.86,391604.2866666666,1271.67,63.0,Individual,F,Usa,California,Home,No,Agency,5.0,2,Global Investors
C0350,3,1066408.3,355469.43333333335,1206.2733333333333,34.0,Individual,M,Usa,Arizona,Home,No,Agency,2.0,1,Corporate Investors
C0356,4,964351.9,241087.975,816.16,50.0,Individual,F,Usa,Georgia,Home,No,Website,3.0,1,Corporate Investors
C0357,3,970629.22,323543.0733333333,1059.3466666666666,38.0,Individual,F,Usa,California,Home,No,Website,3.0,1,Corporate Investors
C0359,3,1098189.89,366063.2966666667,1308.513333333333,75.0,Individual,F,Usa,California,Investment,No,Agency,1.0,1,Corporate Investors
C0360,4,1978026.48,494506.62,1676.3825,78.0,Individual,F,Usa,Utah,Home,Yes,Agency,2.0,2,Global Investors
C0361,4,1468372.25,367093.0625,1222.5975,68.0,Individual,M,Uk,England,Home,Yes,Website,1.0,2,Global Investors
C0362,3,1129669.4,376556.4666666666,1162.6166666666666,26.0,Individual,F,Usa,Utah,Home,No,Website,4.0,2,Global Investors
C0364,4,1492505.18,373126.295,1261.78,82.0,Individual,M,Usa,Texas,Home,No,Website,2.0,2,Global Investors
C0365,3,951259.9,317086.63333333336,1164.9766666666667,64.0,Individual,M,Usa,Colorado,Investment,No,Agency,5.0,1,Corporate Investors
C0368,4,1494552.45,373638.1125,1136.215,34.0,Individual,F,Usa,California,Home,Yes,Agency,4.0,2,Global Investors
C0369,4,1586439.08,396609.77,1333.5625,72.0,Individual,F,Usa,Utah,Home,Yes,Agency,2.0,2,Global Investors
C0374,4,916825.86,229206.465,735.11,33.0,Individual,F,Australia,New South Wales,Investment,Yes,Agency,4.0,1,Corporate Investors
C0381,3,878913.19,292971.0633333333,1188.2333333333331,65.0,Individual,M,Usa,California,Home,Yes,Agency,5.0,1,Corporate Investors
C0382,3,980139.25,326713.0833333333,980.87,51.0,Individual,M,Usa,California,Investment,Yes,Agency,1.0,1,Corporate Investors
C0383,4,968070.64,242017.66,809.6575,41.0,Company,F,Mexico,Mexico City,Investment,No,Agency,3.0,1,Corporate Investors
C0385,3,1289646.41,429882.1366666667,1277.2733333333333,57.0,Individual,M,Uk,Northern Ireland,Investment,No,Website,4.0,2,Global Investors
C0391,3,1035012.91,345004.3033333333,1064.4166666666667,60.0,Individual,F,Usa,California,Home,No,Agency,5.0,1,Corporate Investors
C0393,4,1616556.78,404139.195,1298.145,38.0,Individual,F,Usa,Arizona,Home,No,Agency,4.0,2,Global Investors
C0399,4,1229057.49,307264.3725,1093.05,42.0,Individual,M,Usa,California,Home,No,Agency,4.0,1,Corporate Investors
C0404,3,731788.96,243929.6533333333,753.3133333333334,50.0,Individual,F,France,Normandy,Investment,No,Client,1.0,1,Corporate Investors
C0408,3,1320497.01,440165.67,1413.0600000000002,49.0,Individual,M,Usa,California,Home,No,Website,3.0,2,Global Investors
C0411,3,896987.21,298995.73666666663,883.7466666666668,43.0,Individual,F,Usa,California,Home,No,Website,2.0,1,Corporate Investors
C0413,4,1769126.22,442281.555,1431.4575,86.0,Individual,M,Canada,British Columbia,Home,No,Website,3.0,2,Global Investors
C0414,4,1412148.94,353037.235,1144.74,64.0,Individual,M,Usa,California,Home,No,Website,4.0,2,Global Investors
C0415,4,1305928.35,326482.0875,1093.05,46.0,Individual,F,Usa,Nevada,Home,Yes,Agency,5.0,1,Corporate Investors
C0417,3,1354773.96,451591.32,1471.9,79.0,Individual,M,Usa,Utah,Home,No,Website,2.0,2,Global Investors
C0419,4,1174012.19,293503.0475,990.4475,64.0,Individual,M,Usa,Washington,Home,Yes,Agency,3.0,1,Corporate Investors
C0420,3,1260096.16,420032.0533333334,1330.2166666666667,32.0,Individual,F,Usa,California,Home,No,Agency,5.0,2,Global Investors
C0424,3,1034036.3,344678.76666666666,1107.81,28.0,Individual,F,Usa,Florida,Home,No,Website,1.0,1,Corporate Investors
C0425,3,1256932.48,418977.49333333335,1452.263333333333,61.0,Individual,M,Usa,Nevada,Home,No,Agency,2.0,2,Global Investors
C0426,3,890250.61,296750.2033333333,874.19,73.0,Individual,F,Usa,Oregon,Home,Yes,Client,4.0,1,Corporate Investors
C0427,4,1457016.31,364254.0775,1216.595,32.0,Individual,F,Usa,California,Home,Yes,Website,4.0,2,Global Investors
C0429,4,1503904.16,375976.04,1374.585,31.0,Individual,F,Usa,California,Home,Yes,Website,3.0,2,Global Investors
C0430,3,931141.96,310380.6533333333,1033.1033333333332,52.0,Individual,M,Usa,Nevada,Home,No,Agency,2.0,1,Corporate Investors
C0431,4,1544751.33,386187.8325,1246.6175,57.0,Individual,M,Usa,California,Home,Yes,Website,5.0,2,Global Investors
C0433,4,1937061.37,484265.3425,1591.4725,57.0,Individual,F,Usa,California,Investment,Yes,Website,2.0,2,Global Investors
C0436,4,1327594.64,331898.66,1064.2625,54.0,Individual,M,Usa,Colorado,Home,Yes,Client,2.0,1,Corporate Investors
C0437,3,657032.8200000001,219010.94000000003,801.46,36.0,Individual,F,Usa,Texas,Home,No,Website,1.0,1,Corporate Investors
C0438,4,1458641.1,364660.275,1261.78,44.0,Individual,M,Usa,Georgia,Investment,Yes,Client,1.0,2,Global Investors
C0439,3,1273328.62,424442.87333333335,1422.97,70.0,Individual,M,Usa,Virginia,Home,No,Agency,2.0,2,Global Investors
C0441,4,1525849.55,381462.3875,1239.265,46.0,Individual,F,Russia,Krasnodar Krai,Investment,No,Agency,1.0,2,Global Investors
C0445,4,1425691.63,356422.9075,1101.9875,31.0,Individual,F,Usa,California,Home,Yes,Website,2.0,2,Global Investors
C0446,3,1024655.04,341551.68,1258.6899999999998,71.0,Individual,M,Usa,Colorado,Home,No,Website,2.0,1,Corporate Investors
C0448,3,942066.48,314022.16,1050.08,46.0,Individual,M,Usa,Nevada,Investment,No,Agency,2.0,1,Corporate Investors
C0454,3,980683.73,326894.57666666666,1072.4833333333331,65.0,Company,F,Usa,Nevada,Investment,No,Agency,4.0,1,Corporate Investors
C0455,4,1125726.62,281431.655,838.2925,63.0,Individual,F,Usa,California,Home,No,Agency,1.0,1,Corporate Investors
C0458,4,1382881.81,345720.4525,1123.3175,31.0,Individual,M,Usa,Oregon,Investment,No,Agency,1.0,1,Corporate Investors
C0464,4,1455550.0,363887.5,1276.8225,52.0,Individual,M,Usa,Florida,Home,No,Website,5.0,2,Global Investors
C0465,3,707799.9199999999,235933.30666666664,839.1433333333334,77.0,Individual,M,Usa,California,Home,No,Website,3.0,1,Corporate Investors
C0467,3,976066.93,325355.64333333337,1155.6966666666667,74.0,Individual,F,Usa,Ohio,Home,Yes,Agency,1.0,1,Corporate Investors
C0472,3,1277486.37,425828.79,1394.21,75.0,Individual,M,Usa,California,Home,No,Website,4.0,2,Global Investors
C0473,4,1304527.66,326131.91500000004,1042.725,45.0,Individual,F,Usa,California,Home,No,Agency,3.0,1,Corporate Investors
C0474,4,962015.29,240503.8225,824.2025,31.0,Individual,M,Usa,Nevada,Home,No,Website,1.0,1,Corporate Investors
C0476,4,1485303.01,371325.7525,1299.3675,29.0,Individual,M,Usa,Florida,Home,No,Agency,3.0,2,Global Investors
C0477,3,1535114.88,511704.96,1452.263333333333,42.0,Individual,M,Usa,California,Investment,Yes,Website,4.0,2,Global Investors
C0478,3,774892.79,258297.59666666668,997.4133333333332,86.0,Individual,F,Usa,Ohio,Investment,No,Website,4.0,1,Corporate Investors
C0479,4,1172782.93,293195.7325,956.6725,48.0,Individual,F,Usa,California,Home,Yes,Agency,2.0,1,Corporate Investors
C0481,4,1365460.24,341365.06,1040.89,50.0,Individual,M,Usa,Arizona,Home,No,Agency,3.0,1,Corporate Investors
C0482,3,1006132.77,335377.59,1155.4633333333334,46.0,Individual,F,Usa,New York,Investment,Yes,Agency,3.0,1,Corporate Investors
C0483,3,881113.79,293704.5966666667,934.8733333333332,41.0,Individual,M,Usa,Arizona,Investment,No,Website,1.0,1,Corporate Investors
C0485,3,1000841.18,333613.7266666666,1144.8033333333333,35.0,Individual,F,Usa,Arizona,Home,No,Website,2.0,1,Corporate Investors
C0488,4,1218265.36,304566.34,990.9875,47.0,Individual,F,Usa,California,Investment,No,Agency,4.0,1,Corporate Investors
C0489,3,1025274.77,341758.25666666665,1102.8633333333337,76.0,Individual,M,Germany,Berlin,Investment,No,Website,2.0,1,Corporate Investors
C0491,3,1106379.8,368793.26666666666,1168.3833333333334,85.0,Individual,M,Usa,Washington,Home,No,Website,2.0,1,Corporate Investors
C0492,4,1300917.1,325229.275,1008.6625,26.0,Individual,M,Usa,Utah,Home,Yes,Website,3.0,1,Corporate Investors
C0493,4,1312198.98,328049.745,1141.225,72.0,Individual,M,Usa,Colorado,Home,No,Website,3.0,1,Corporate Investors
C0494,4,1052676.65,263169.1625,911.0425,36.0,Individual,F,Usa,California,Home,Yes,Website,3.0,1,Corporate Investors
C0496,4,1120376.44,280094.11,947.7475,36.0,Individual,M,Usa,California,Home,No,Agency,4.0,1,Corporate Investors
C0497,3,1330684.99,443561.6633333333,1438.2933333333333,41.0,Individual,F,Usa,Arizona,Investment,Yes,Website,4.0,2,Global Investors
C0499,3,897769.81,299256.60333333333,863.7633333333333,80.0,Individual,F,Usa,Colorado,Home,Yes,Agency,3.0,1,Corporate Investors
C0501,4,1741166.27,435291.5675,1454.35,31.0,Individual,M,Usa,Nevada,Investment,Yes,Agency,5.0,2,Global Investors
C0506,3,1122203.03,374067.6766666667,1267.4066666666668,59.0,Individual,M,Usa,California,Home,No,Agency,5.0,2,Global Investors
C0508,3,833710.06,277903.35333333333,900.6166666666667,56.0,Individual,F,Usa,Nevada,Home,No,Agency,5.0,1,Corporate Investors
C0509,4,1687930.25,421982.5625,1333.2775,70.0,Individual,M,Belgium,Wallonia,Home,No,Website,3.0,2,Global Investors
C0513,3,974596.63,324865.54333333333,1049.513333333333,27.0,Individual,M,Usa,Florida,Home,Yes,Agency,2.0,1,Corporate Investors
C0515,4,1561824.93,390456.2325,1342.7925,63.0,Individual,F,Usa,California,Home,Yes,Website,1.0,2,Global Investors
C0519,3,981719.26,327239.75333333336,1108.996666666667,51.0,Individual,F,Usa,Arizona,Investment,No,Agency,3.0,1,Corporate Investors
C0520,3,1033523.16,344507.72000000003,1108.996666666667,56.0,Individual,F,Usa,Oregon,Home,Yes,Agency,3.0,1,Corporate Investors
C0521,4,1074306.5,268576.625,872.6800000000001,59.0,Individual,F,Canada,British Columbia,Home,No,Website,3.0,1,Corporate Investors
C0525,4,1629457.52,407364.38,1299.3275,76.0,Individual,M,Usa,Arizona,Home,Yes,Agency,4.0,2,Global Investors
C0528,3,1118472.87,372824.29,1206.2733333333333,26.0,Individual,M,Usa,Washington,Investment,No,Client,2.0,1,Corporate Investors
C0530,4,1559124.69,389781.1725,1246.7075,74.0,Individual,F,Usa,Utah,Home,Yes,Agency,2.0,2,Global Investors
C0532,4,1075202.77,268800.6925,990.9875,47.0,Individual,F,Belgium,Flanders,Home,No,Website,2.0,1,Corporate Investors
C0533,4,990028.19,247507.0475,787.46,63.0,Individual,M,Usa,Nevada,Investment,No,Agency,1.0,1,Corporate Investors
C0545,3,1260126.39,420042.13,1452.263333333333,84.0,Individual,M,Usa,Colorado,Home,Yes,Agency,1.0,2,Global Investors
C0548,3,1047476.93,349158.9766666666,1186.4366666666667,46.0,Individual,M,Usa,California,Home,No,Agency,2.0,1,Corporate Investors
C0550,4,1414568.09,353642.0225,1123.6174999999998,59.0,Company,F,Usa,Nevada,Home,No,Agency,1.0,2,Global Investors
C0564,3,1135017.6,378339.2,1250.3066666666666,74.0,Individual,M,Usa,Texas,Home,No,Agency,1.0,2,Global Investors
C0566,4,1167701.9,291925.475,965.295,26.0,Individual,F,Usa,Oregon,Investment,Yes,Agency,4.0,1,Corporate Investors
C0567,4,1869286.1,467321.525,1546.3875,73.0,Individual,F,Russia,Saint Petersburg,Investment,Yes,Agency,2.0,2,Global Investors
C0568,3,944335.88,314778.62666666665,1015.94,73.0,Individual,M,Usa,California,Home,No,Website,3.0,1,Corporate Investors
C0569,3,1384749.3,461583.1,1460.493333333333,55.0,Individual,F,Usa,California,Home,Yes,Client,5.0,2,Global Investors
C0570,4,1527210.47,381802.6175,1310.8225,61.0,Individual,F,France,Occitanie,Home,Yes,Website,5.0,2,Global Investors
C0571,4,1549969.49,387492.3725,1458.93,60.0,Individual,M,Usa,California,Home,No,Website,3.0,2,Global Investors
C0572,4,1519677.44,379919.36,1228.8325,33.0,Individual,F,Usa,California,Investment,No,Website,5.0,2,Global Investors
C0579,3,1198428.64,399476.2133333334,1299.5366666666666,85.0,Individual,M,Usa,Texas,Investment,No,Website,3.0,2,Global Investors
C0580,4,2158954.7800000003,539738.6950000001,1726.0575,78.0,Individual,F,Usa,California,Home,Yes,Client,2.0,2,Global Investors
C0582,3,708559.1499999999,236186.3833333333,791.0400000000001,86.0,Individual,F,Usa,Washington,Investment,Yes,Website,3.0,1,Corporate Investors
C0584,3,1135691.62,378563.87333333335,1350.9733333333334,44.0,Individual,F,Usa,California,Home,No,Website,5.0,2,Global Investors
C0585,4,1003690.18,250922.545,886.4275,65.0,Individual,M,Usa,Colorado,Home,No,Agency,3.0,1,Corporate Investors
C0591,3,1336217.65,445405.8833333333,1460.493333333333,58.0,Individual,F,Usa,Nevada,Home,No,Website,1.0,2,Global Investors
C0592,3,787516.58,262505.5266666667,851.4266666666667,54.0,Individual,M,Usa,Arizona,Investment,No,Client,2.0,1,Corporate Investors
C0593,4,2012063.38,503015.845,1575.1075,74.0,Individual,F,Usa,California,Home,Yes,Agency,2.0,2,Global Investors
C0594,3,1137572.87,379190.9566666667,1221.6766666666665,84.0,Individual,F,Usa,Utah,Home,No,Agency,1.0,2,Global Investors
C0595,3,914304.97,304768.3233333333,934.4333333333334,60.0,Individual,F,Usa,Utah,Home,No,Agency,3.0,1,Corporate Investors
C0603,4,1218095.3,304523.825,1027.81,32.0,Individual,F,Usa,New York,Home,Yes,Agency,4.0,1,Corporate Investors
C0610,3,1178597.68,392865.8933333333,1339.73,56.0,Individual,F,Usa,California,Investment,No,Website,4.0,2,Global Investors
C0611,4,1142671.94,285667.985,997.415,76.0,Individual,M,Usa,California,Home,No,Agency,4.0,1,Corporate Investors
C0613,3,1186019.52,395339.84,1366.5633333333335,31.0,Individual,F,Australia,Victoria,Home,No,Agency,4.0,2,Global Investors
C0614,4,1025958.38,256489.595,858.9825,54.0,Individual,M,Uk,Wales,Home,Yes,Website,3.0,1,Corporate Investors
C0615,4,919002.01,229750.5025,748.33,69.0,Individual,M,Usa,Utah,Home,Yes,Website,2.0,1,Corporate Investors
C0617,3,766861.21,255620.4033333333,849.6366666666667,40.0,Individual,F,Usa,Ohio,Home,Yes,Website,5.0,1,Corporate Investors
C0618,3,982803.0,327601.0,1113.29,58.0,Individual,M,Usa,Texas,Home,No,Agency,3.0,1,Corporate Investors
C0622,3,869334.73,289778.24333333335,980.87,39.0,Individual,F,Usa,Washington,Investment,No,Client,2.0,1,Corporate Investors
C0624,3,1215611.54,405203.8466666667,1413.8666666666668,26.0,Individual,M,Usa,Nevada,Investment,No,Agency,3.0,2,Global Investors
C0625,4,1000166.88,250041.72,851.0225,43.0,Individual,F,Belgium,Flanders,Investment,Yes,Agency,2.0,1,Corporate Investors
C0627,4,1870806.42,467701.605,1726.0575,26.0,Individual,F,Usa,Arizona,Home,No,Agency,3.0,2,Global Investors
C0629,3,961721.77,320573.92333333334,1129.1766666666665,80.0,Individual,F,Usa,California,Investment,No,Agency,2.0,1,Corporate Investors
C0631,4,1534891.22,383722.805,1227.645,60.0,Individual,F,Usa,California,Home,No,Website,5.0,2,Global Investors
C0633,4,1207516.26,301879.065,928.745,85.0,Individual,F,Usa,Nevada,Home,No,Agency,3.0,1,Corporate Investors
C0636,4,981810.08,245452.52,827.3575000000001,46.0,Individual,F,France,Brittany,Home,No,Website,5.0,1,Corporate Investors
C0638,4,1347045.42,336761.355,1204.4975,51.0,Individual,M,Usa,Ohio,Home,Yes,Website,5.0,2,Global Investors
C0639,3,861670.72,287223.5733333333,1008.13,65.0,Individual,M,Uk,Scotland,Home,Yes,Website,3.0,1,Corporate Investors
C0640,3,772950.1699999999,257650.05666666664,915.6366666666668,59.0,Individual,F,Usa,Utah,Home,No,Agency,3.0,1,Corporate Investors
C0643,3,928645.01,309548.33666666667,1016.5033333333334,52.0,Individual,F,Usa,California,Home,No,Website,5.0,1,Corporate Investors
C0647,4,2115520.42,528880.105,1676.3825,80.0,Individual,F,Usa,California,Home,No,Agency,4.0,2,Global Investors
C0648,4,1142985.38,285746.345,984.6475,27.0,Individual,F,Usa,California,Home,Yes,Website,1.0,1,Corporate Investors
C0649,4,1401448.51,350362.1275,1136.6925,31.0,Individual,F,Usa,California,Home,No,Agency,4.0,2,Global Investors
C0652,3,904157.22,301385.74,985.5433333333334,33.0,Individual,F,Usa,Washington,Home,No,Website,2.0,1,Corporate Investors
C0654,3,865293.89,288431.2966666667,1015.94,66.0,Individual,M,Usa,New York,Home,Yes,Website,2.0,1,Corporate Investors
C0656,4,1288383.38,322095.845,1190.4075,49.0,Individual,F,Usa,Colorado,Home,No,Client,5.0,1,Corporate Investors
C0659,4,1000550.86,250137.715,832.615,38.0,Individual,F,Usa,California,Home,Yes,Agency,4.0,1,Corporate Investors
C0660,3,1148308.35,382769.45,1337.0533333333333,35.0,Individual,M,Usa,Arizona,Home,Yes,Client,4.0,2,Global Investors
C0663,4,1544313.34,386078.335,1234.8075,68.0,Individual,M,Usa,California,Home,Yes,Agency,2.0,2,Global Investors
C0666,4,1532074.27,383018.5675,1271.345,78.0,Individual,F,Usa,California,Investment,No,Website,1.0,2,Global Investors
C0667,4,1486560.06,371640.015,1295.265,60.0,Individual,M,Usa,Arizona,Investment,No,Agency,2.0,2,Global Investors
C0671,3,759678.12,253226.04,849.6366666666667,85.0,Individual,M,Usa,Colorado,Home,Yes,Client,4.0,1,Corporate Investors
C0672,3,1301968.05,433989.35,1452.263333333333,59.0,Individual,F,Usa,California,Home,No,Website,2.0,2,Global Investors
C0676,3,1022396.03,340798.6766666667,989.0566666666668,84.0,Individual,F,Usa,Nevada,Home,No,Agency,2.0,1,Corporate Investors
C0677,4,1217015.11,304253.7775,1024.3375,45.0,Individual,M,Usa,Arizona,Investment,No,Agency,2.0,1,Corporate Investors
C0679,4,1945371.68,486342.92,1726.0575,62.0,Individual,F,Usa,Nevada,Home,No,Agency,1.0,2,Global Investors
C0682,4,1436006.22,359001.555,1214.5625,53.0,Individual,M,Usa,California,Home,No,Website,5.0,2,Global Investors
C0684,4,1402625.45,350656.3625,1120.62,41.0,Individual,M,Usa,California,Home,No,Agency,1.0,2,Global Investors
C0687,4,1532604.0,383151.0,1210.7375000000002,67.0,Individual,F,Usa,Utah,Home,Yes,Website,3.0,2,Global Investors
C0688,4,1093762.42,273440.605,868.5725,58.0,Individual,F,Usa,Colorado,Investment,Yes,Website,5.0,1,Corporate Investors
C0690,4,1402023.24,350505.81,1150.3275,41.0,Individual,F,Usa,Oregon,Home,Yes,Agency,4.0,2,Global Investors
C0696,4,1417025.49,354256.3725,1246.6175,32.0,Individual,F,Usa,Washington,Investment,Yes,Agency,5.0,2,Global Investors
C0697,4,1203571.2,300892.8,1036.6525,40.0,Individual,M,Usa,California,Investment,Yes,Agency,4.0,1,Corporate Investors
C0709,4,1233960.52,308490.13,1009.23,44.0,Individual,F,Usa,Georgia,Home,Yes,Agency,2.0,1,Corporate Investors
C0714,3,1520218.18,506739.3933333333,1680.5266666666666,49.0,Individual,M,Russia,Saint Petersburg,Home,No,Website,3.0,2,Global Investors
C0715,3,1151372.75,383790.9166666667,1340.7666666666669,44.0,Individual,F,Usa,Utah,Home,No,Website,3.0,2,Global Investors
C0717,3,1000529.67,333509.89,1156.5633333333333,80.0,Individual,F,Usa,Arizona,Investment,Yes,Agency,3.0,1,Corporate Investors
C0718,3,900157.9099999999,300052.63666666666,1123.8033333333333,82.0,Individual,F,France,Ile-De-France,Home,Yes,Website,2.0,1,Corporate Investors
C0719,3,912916.77,304305.59,1023.88,52.0,Individual,M,Usa,California,Investment,Yes,Agency,2.0,1,Corporate Investors
C0721,4,1167212.02,291803.005,939.4875,27.0,Individual,F,Usa,Florida,Home,No,Website,4.0,1,Corporate Investors
C0722,3,936104.05,312034.68333333335,1033.4833333333331,83.0,Individual,F,Usa,Texas,Home,No,Website,1.0,1,Corporate Investors
C0725,3,1557779.53,519259.8433333333,1733.68,43.0,Individual,F,Usa,New York,Home,No,Website,3.0,2,Global Investors
C0729,3,1100578.42,366859.4733333333,1280.28,82.0,Individual,M,Usa,Washington,Investment,Yes,Agency,3.0,1,Corporate Investors
C0730,3,1395460.54,465153.51333333337,1435.6633333333332,38.0,Individual,M,Usa,California,Investment,No,Website,4.0,2,Global Investors
C0732,4,1763602.47,440900.6175,1454.35,41.0,Individual,M,Usa,Oregon,Home,No,Website,5.0,2,Global Investors
C0733,3,1610480.1,536826.7000000001,1609.0333333333335,50.0,Individual,F,Usa,Nevada,Home,No,Agency,5.0,2,Global Investors
C0735,3,1082670.51,360890.17,1129.1766666666665,32.0,Individual,M,Germany,Hesse,Investment,No,Website,4.0,1,Corporate Investors
C0740,3,1150084.72,383361.5733333333,1176.236666666667,60.0,Individual,F,Usa,Utah,Investment,No,Client,1.0,1,Corporate Investors
C0741,3,808100.3,269366.76666666666,952.0733333333334,64.0,Individual,F,Usa,California,Home,No,Website,2.0,1,Corporate Investors
C0743,3,973707.31,324569.10333333333,1145.4666666666665,54.0,Individual,M,Usa,Oregon,Investment,Yes,Website,4.0,1,Corporate Investors
C0744,3,947393.7,315797.9,939.33,76.0,Individual,F,Usa,Virginia,Home,No,Website,1.0,1,Corporate Investors
C0748,3,1188736.23,396245.41,1332.34,52.0,Company,F,Usa,California,Home,Yes,Client,1.0,2,Global Investors
C0750,3,887696.78,295898.9266666667,964.2666666666664,50.0,Individual,F,Usa,Nevada,Investment,No,Agency,1.0,1,Corporate Investors
C0757,4,1392690.12,348172.53,1053.27,80.0,Individual,M,Usa,Oregon,Home,Yes,Website,3.0,2,Global Investors
C0758,4,1135189.16,283797.29,928.1775,68.0,Individual,M,Usa,California,Investment,No,Website,2.0,1,Corporate Investors
C0762,4,1456185.33,364046.3325,1313.38,59.0,Individual,F,Usa,Ohio,Home,No,Website,4.0,2,Global Investors
C0764,4,1670624.74,417656.185,1441.655,43.0,Individual,F,Uk,Northern Ireland,Investment,No,Client,4.0,2,Global Investors
C0766,4,1601876.14,400469.035,1286.2725,32.0,Individual,M,Germany,North Rhine-Westphalia,Home,Yes,Client,3.0,2,Global Investors
C0767,4,1403932.48,350983.12,1242.0825,65.0,Individual,M,Canada,British Columbia,Investment,No,Agency,2.0,2,Global Investors
C0770,3,984598.73,328199.57666666666,1104.51,75.0,Individual,F,Russia,Krasnodar Krai,Home,No,Website,4.0,1,Corporate Investors
C0771,4,1856997.08,464249.27,1408.3275,42.0,Company,M,Usa,California,Home,No,Website,1.0,2,Global Investors
C0773,4,1451465.46,362866.365,1153.0825,62.0,Individual,M,Russia,Saint Petersburg,Home,No,Website,1.0,2,Global Investors
C0776,3,914465.33,304821.7766666667,980.87,60.0,Individual,F,Germany,Bavaria,Home,Yes,Agency,4.0,1,Corporate Investors
C0779,3,1221957.12,407319.04,1325.0800000000002,73.0,Individual,F,Usa,California,Home,Yes,Agency,5.0,2,Global Investors
C0780,3,708761.6900000001,236253.8966666667,849.6366666666667,79.0,Individual,F,Usa,California,Home,No,Website,3.0,1,Corporate Investors
C0782,4,1166638.16,291659.54000000004,905.0375,56.0,Individual,M,Usa,Utah,Investment,Yes,Website,2.0,1,Corporate Investors
C0789,3,1125271.6,375090.5333333334,1228.91,52.0,Individual,F,Canada,Ontario,Investment,No,Website,1.0,1,Corporate Investors
C0791,4,1424465.81,356116.4525,1159.9675,43.0,Individual,M,Usa,Texas,Home,No,Website,4.0,2,Global Investors
C0793,4,1245234.35,311308.5875,1048.44,57.0,Individual,M,Usa,New York,Home,No,Agency,4.0,1,Corporate Investors
C0794,3,1120488.77,373496.25666666665,1308.513333333333,75.0,Individual,M,Usa,California,Home,Yes,Website,4.0,2,Global Investors
C0796,3,559596.54,186532.18,607.4466666666667,43.0,Individual,F,Usa,California,Investment,Yes,Website,5.0,1,Corporate Investors
C0797,3,881179.3,293726.43333333335,851.8699999999999,36.0,Individual,F,Usa,Oregon,Home,Yes,Agency,5.0,1,Corporate Investors
C0800,3,983573.18,327857.7266666666,1151.5466666666666,52.0,Individual,M,Usa,Virginia,Investment,Yes,Website,5.0,1,Corporate Investors
C0801,3,1361712.2999999998,453904.0999999999,1435.6633333333332,57.0,Individual,F,Usa,Washington,Home,Yes,Website,4.0,2,Global Investors
C0802,3,1074480.81,358160.27,1217.58,56.0,Individual,M,Usa,Virginia,Home,No,Agency,5.0,1,Corporate Investors
C0804,3,1223755.92,407918.64,1464.8466666666666,59.0,Individual,M,Usa,Washington,Home,No,Agency,5.0,2,Global Investors
C0813,4,1314024.52,328506.13,1099.4925,52.0,Individual,M,Uk,Scotland,Investment,No,Agency,3.0,1,Corporate Investors
C0815,3,962374.65,320791.55,1205.9633333333334,61.0,Company,F,Usa,Nevada,Home,Yes,Agency,4.0,1,Corporate Investors
C0817,3,1338281.0,446093.6666666667,1448.82,54.0,Individual,F,Usa,California,Investment,No,Website,1.0,2,Global Investors
C0818,4,760443.3500000001,190110.8375,677.79,35.0,Company,F,Usa,Colorado,Home,No,Website,2.0,1,Corporate Investors
C0821,3,1371213.26,457071.0866666666,1467.89,69.0,Individual,F,Usa,California,Home,Yes,Agency,5.0,2,Global Investors
C0824,3,1234378.85,411459.6166666667,1435.6633333333332,50.0,Individual,M,Usa,California,Home,No,Agency,3.0,2,Global Investors
C0826,4,1255265.82,313816.455,996.1925,56.0,Individual,M,Usa,Ohio,Investment,Yes,Website,4.0,1,Corporate Investors
C0828,4,1313574.2,328393.55,1122.0925,79.0,Individual,F,Usa,Arizona,Investment,Yes,Website,4.0,1,Corporate Investors
C0832,3,1290741.99,430247.33,1336.61,36.0,Individual,F,Usa,Nevada,Investment,Yes,Website,3.0,2,Global Investors
C0833,3,1422486.61,474162.2033333333,1623.3,75.0,Individual,M,Denmark,Southern Denmark,Home,No,Website,5.0,2,Global Investors
C0835,4,1159317.69,289829.4225,941.61,52.0,Individual,F,Usa,California,Home,Yes,Website,5.0,1,Corporate Investors
C0836,3,1280715.29,426905.0966666667,1493.243333333333,84.0,Individual,M,Usa,Ohio,Home,No,Website,4.0,2,Global Investors
C0837,4,1415445.71,353861.4275,1253.3075,59.0,Individual,M,France,Brittany,Home,No,Website,1.0,2,Global Investors
C0838,3,837604.3,279201.43333333335,853.8133333333334,34.0,Individual,M,Usa,Nevada,Investment,Yes,Website,1.0,1,Corporate Investors
C0840,4,1508352.25,377088.0625,1329.5925,45.0,Individual,F,Belgium,Brussels,Home,No,Website,1.0,2,Global Investors
C0841,4,1344816.1,336204.025,1167.105,27.0,Individual,M,Belgium,Wallonia,Home,No,Website,5.0,2,Global Investors
C0843,3,1377127.37,459042.4566666667,1500.72,26.0,Individual,F,Usa,Georgia,Home,No,Agency,4.0,2,Global Investors
C0845,3,1355270.16,451756.72,1471.4466666666667,33.0,Individual,F,Usa,Washington,Home,No,Client,3.0,2,Global Investors
C0849,4,1262931.66,315732.915,995.0275,49.0,Individual,M,Usa,Oregon,Home,Yes,Website,1.0,1,Corporate Investors
C0853,4,1293562.22,323390.555,1092.085,76.0,Individual,M,Usa,Utah,Home,No,Website,4.0,1,Corporate Investors
C0855,4,1198702.15,299675.5375,1114.2125,53.0,Individual,F,Australia,Queensland,Home,No,Website,4.0,1,Corporate Investors
C0857,4,1431064.56,357766.14,1146.2825,75.0,Individual,F,Usa,California,Investment,Yes,Website,1.0,2,Global Investors
C0858,3,972150.6,324050.2,1156.5633333333333,32.0,Individual,M,Usa,Nevada,Home,No,Website,1.0,1,Corporate Investors
C0859,4,1440623.89,360155.97250000003,1154.105,84.0,Individual,F,Usa,California,Home,Yes,Agency,2.0,2,Global Investors
C0860,4,1362579.84,340644.96,1148.025,58.0,Individual,F,Usa,Utah,Home,Yes,Website,5.0,2,Global Investors
C0861,3,1527460.57,509153.5233333334,1635.6233333333332,32.0,Individual,F,France,Brittany,Investment,No,Agency,2.0,2,Global Investors
C0864,3,1085548.02,361849.34,1156.5633333333333,56.0,Individual,M,Usa,Texas,Home,No,Website,3.0,1,Corporate Investors
C0867,3,1028747.3,342915.76666666666,1146.263333333333,59.0,Individual,F,Usa,California,Home,No,Agency,2.0,1,Corporate Investors
C0869,3,858807.13,286269.04333333333,1012.96,33.0,Individual,M,Usa,California,Home,No,Agency,4.0,1,Corporate Investors
C0870,4,1097902.26,274475.565,909.9825,60.0,Company,F,Uk,Northern Ireland,Home,Yes,Website,2.0,1,Corporate Investors
C0873,3,1325777.78,441925.9266666667,1463.22,86.0,Individual,M,Usa,New York,Home,No,Website,2.0,2,Global Investors
C0875,3,1308981.48,436327.16,1370.5533333333333,54.0,Individual,M,Canada,Manitoba,Home,No,Website,4.0,2,Global Investors
C0882,3,1142828.14,380942.7133333334,1435.6633333333332,26.0,Individual,M,Uk,Wales,Home,No,Website,3.0,2,Global Investors
C0884,3,1021697.5,340565.8333333333,1209.64,77.0,Individual,M,Usa,Nevada,Home,No,Website,2.0,1,Corporate Investors
C0892,3,984121.4,328040.4666666666,1167.24,68.0,Individual,F,Usa,California,Investment,Yes,Website,2.0,1,Corporate Investors
C0896,4,1157933.44,289483.36,935.765,56.0,Individual,M,France,Brittany,Home,Yes,Agency,4.0,1,Corporate Investors
C0897,3,745691.65,248563.88333333333,801.46,55.0,Individual,F,Australia,Victoria,Home,No,Website,1.0,1,Corporate Investors
C0902,4,1281064.76,320266.19,1068.57,62.0,Company,F,Uk,Northern Ireland,Home,Yes,Agency,3.0,1,Corporate Investors
C0904,4,1050355.29,262588.8225,883.805,42.0,Individual,F,Russia,Saint Petersburg,Home,Yes,Website,1.0,1,Corporate Investors
C0909,4,1529455.73,382363.9325,1183.04,59.0,Individual,M,Usa,California,Investment,Yes,Agency,1.0,2,Global Investors
C0912,3,1322130.05,440710.01666666666,1351.4633333333334,77.0,Individual,F,Usa,California,Home,No,Agency,1.0,2,Global Investors
C0914,4,1124290.78,281072.695,984.6475,78.0,Individual,F,France,Provence,Investment,No,Website,4.0,1,Corporate Investors
C0916,4,1377591.46,344397.865,1114.105,38.0,Individual,M,Russia,Moscow Oblast,Home,No,Website,2.0,2,Global Investors
C0917,3,756785.49,252261.83,851.4266666666667,57.0,Individual,M,Usa,Arizona,Home,Yes,Agency,2.0,1,Corporate Investors
C0920,3,878368.79,292789.5966666667,934.4333333333334,53.0,Individual,M,Usa,California,Home,No,Website,4.0,1,Corporate Investors
C0921,3,802736.76,267578.92,900.46,27.0,Individual,F,Australia,New South Wales,Home,No,Agency,4.0,1,Corporate Investors
C0925,3,1308035.02,436011.6733333333,1471.9,82.0,Individual,M,Germany,Hamburg,Home,No,Website,2.0,2,Global Investors
C0926,3,1078841.73,359613.91,1207.6466666666668,65.0,Individual,F,Usa,California,Home,No,Website,3.0,1,Corporate Investors
C0927,3,933499.38,311166.46,952.2633333333332,64.0,Individual,F,France,Ile-De-France,Home,No,Client,4.0,1,Corporate Investors
C0933,3,1077170.94,359056.98,1155.4633333333334,71.0,Individual,F,Usa,California,Home,No,Website,4.0,1,Corporate Investors
C0934,3,912489.59,304163.1966666667,1086.9833333333331,83.0,Individual,F,Uk,Northern Ireland,Investment,Yes,Website,5.0,1,Corporate Investors
C0936,3,782945.97,260981.99,879.3433333333332,75.0,Individual,F,Usa,California,Home,No,Client,3.0,1,Corporate Investors
C0937,4,1370340.91,342585.22750000004,1127.3175,44.0,Individual,M,Usa,Arizona,Home,No,Client,5.0,2,Global Investors
C0938,3,854217.7,284739.23333333334,851.87,63.0,Individual,M,Russia,Krasnodar Krai,Home,No,Website,4.0,1,Corporate Investors
C0939,4,1190833.68,297708.42,996.3625,48.0,Individual,F,Belgium,Brussels,Investment,No,Website,1.0,1,Corporate Investors
C0945,3,973406.55,324468.85000000003,1102.8633333333337,81.0,Individual,F,France,Provence,Home,No,Website,4.0,1,Corporate Investors
C0946,3,827605.63,275868.54333333333,897.3100000000001,80.0,Individual,F,Usa,Nevada,Investment,Yes,Agency,3.0,1,Corporate Investors
C0950,4,1418212.48,354553.12,1146.9925,35.0,Individual,F,Usa,Texas,Investment,No,Website,5.0,2,Global Investors
C0952,4,1886501.93,471625.4825,1510.65,67.0,Individual,F,Usa,Oregon,Home,No,Website,5.0,2,Global Investors
C0954,4,1493788.0,373447.0,1204.4975,76.0,Individual,M,France,Brittany,Investment,Yes,Agency,4.0,2,Global Investors
C0955,3,1098111.78,366037.26,1205.9633333333334,57.0,Individual,F,Usa,California,Home,No,Website,1.0,1,Corporate Investors
C0956,4,1647197.45,411799.3625,1294.645,60.0,Individual,M,Usa,California,Home,Yes,Website,1.0,2,Global Investors
C0958,4,936091.45,234022.8625,834.6575,35.0,Individual,F,Usa,Nevada,Home,Yes,Website,1.0,1,Corporate Investors
C0960,4,1380084.58,345021.145,1148.2475,66.0,Individual,F,Usa,Arizona,Investment,Yes,Client,1.0,1,Corporate Investors
C0961,4,1681311.67,420327.9175,1271.345,52.0,Individual,M,Uk,Wales,Home,Yes,Website,2.0,2,Global Investors
C0963,3,598874.99,199624.99666666667,678.9699999999999,85.0,Individual,M,Canada,Alberta,Home,No,Agency,4.0,1,Corporate Investors
C0966,4,1606785.0499999998,401696.2625,1510.34,31.0,Company,M,Usa,California,Investment,No,Website,3.0,2,Global Investors
C0970,4,1596404.25,399101.0625,1313.38,40.0,Individual,M,Denmark,North Denmark,Home,Yes,Website,3.0,2,Global Investors
C0971,4,1278450.05,319612.5125,1011.23,57.0,Individual,F,Usa,Colorado,Investment,Yes,Website,5.0,1,Corporate Investors
C0973,4,1595817.16,398954.29,1210.7375000000002,34.0,Individual,M,Usa,California,Investment,No,Client,2.0,2,Global Investors
C0975,3,941310.61,313770.2033333333,1050.08,80.0,Individual,M,Usa,Utah,Home,No,Website,4.0,1,Corporate Investors
C0977,3,944672.95,314890.98333333334,1092.506666666667,30.0,Individual,M,Usa,California,Home,No,Agency,1.0,1,Corporate Investors
C0978,3,1449360.91,483120.3033333334,1526.9566666666667,63.0,Individual,F,Usa,California,Home,Yes,Website,4.0,2,Global Investors
C0982,3,1443503.73,481167.91,1456.36,65.0,Individual,F,Canada,Manitoba,Investment,Yes,Agency,5.0,2,Global Investors
C0984,3,1206529.21,402176.4033333333,1337.1733333333334,64.0,Individual,M,Canada,British Columbia,Home,Yes,Agency,5.0,2,Global Investors
C0993,3,530494.44,176831.47999999998,610.62,72.0,Individual,M,Usa,California,Home,Yes,Website,2.0,1,Corporate Investors
C0996,3,888968.0,296322.6666666667,941.21,70.0,Individual,M,Canada,Manitoba,Home,Yes,Client,2.0,1,Corporate Investors
C0997,3,1607877.07,535959.0233333333,1654.4733333333334,76.0,Individual,M,Usa,California,Investment,Yes,Agency,3.0,2,Global Investors
C0998,4,1230552.15,307638.0375,1053.27,57.0,Company,F,Usa,Virginia,Home,No,Agency,4.0,1,Corporate Investors
C1002,3,1064050.72,354683.5733333333,1052.0866666666668,59.0,Individual,M,Usa,California,Home,No,Website,5.0,1,Corporate Investors
C1003,3,1164909.23,388303.07666666666,1303.7766666666666,49.0,Individual,F,Usa,Nevada,Home,No,Website,2.0,2,Global Investors
C1005,3,778101.6000000001,259367.20000000004,993.0033333333334,38.0,Individual,F,Germany,Hamburg,Home,No,Client,3.0,1,Corporate Investors
C1008,4,1018262.69,254565.6725,849.79,39.0,Company,M,Usa,California,Home,No,Website,2.0,1,Corporate Investors
C1009,3,741160.04,247053.34666666668,971.19,76.0,Individual,F,Usa,Nevada,Investment,Yes,Agency,4.0,1,Corporate Investors
C1010,4,1331479.73,332869.9325,1077.195,62.0,Individual,M,Mexico,Jalisco,Home,No,Website,4.0,1,Corporate Investors
C1014,3,1278106.36,426035.45333333337,1523.6933333333334,57.0,Individual,M,Usa,California,Home,Yes,Website,3.0,2,Global Investors
C1015,3,884426.51,294808.83666666667,973.09,49.0,Individual,M,Usa,California,Home,Yes,Website,4.0,1,Corporate Investors
C1016,4,1542774.61,385693.6525,1214.5625,50.0,Individual,F,Usa,California,Home,Yes,Agency,4.0,2,Global Investors
C1021,4,1554739.9,388684.975,1340.7775,52.0,Individual,M,Usa,California,Investment,No,Client,1.0,2,Global Investors
C1024,3,1351032.92,450344.3066666666,1510.3766666666668,57.0,Individual,M,Usa,Arizona,Investment,No,Agency,2.0,2,Global Investors
C1026,3,1440775.1,480258.3666666667,1452.263333333333,35.0,Individual,M,Usa,California,Investment,No,Agency,1.0,2,Global Investors
C1027,3,1554407.81,518135.9366666667,1649.26,50.0,Individual,M,Usa,California,Investment,Yes,Client,1.0,2,Global Investors
C1028,4,1143826.71,285956.6775,984.12,84.0,Individual,M,Usa,California,Home,Yes,Website,1.0,1,Corporate Investors
C1029,3,946560.97,315520.3233333333,1049.38,77.0,Individual,M,Australia,Victoria,Home,No,Agency,1.0,1,Corporate Investors
C1032,4,1494289.73,373572.4325,1086.2275,49.0,Individual,M,Usa,Nevada,Home,No,Website,5.0,2,Global Investors
C1035,4,1528550.13,382137.5325,1227.17,65.0,Individual,M,Usa,Virginia,Home,No,Website,2.0,2,Global Investors
C1037,3,1115637.13,371879.0433333333,1190.3133333333333,56.0,Company,M,Mexico,Baja California,Home,Yes,Website,2.0,1,Corporate Investors
C1040,3,901095.79,300365.26333333337,992.22,86.0,Individual,M,Usa,California,Investment,Yes,Website,5.0,1,Corporate Investors
C1041,3,1150040.79,383346.93,1303.7766666666666,36.0,Individual,F,Usa,Nevada,Home,Yes,Website,5.0,2,Global Investors
C1042,4,1325783.46,331445.865,1122.0925,81.0,Individual,F,Usa,Nevada,Home,No,Agency,2.0,1,Corporate Investors
C1045,3,974840.03,324946.6766666667,1060.1133333333337,84.0,Individual,F,Usa,New York,Home,No,Website,3.0,1,Corporate Investors
C1047,3,1333737.83,444579.2766666667,1454.5733333333335,42.0,Individual,M,Usa,Virginia,Home,No,Website,3.0,2,Global Investors
C1049,3,1214294.16,404764.72,1451.5366666666669,86.0,Individual,F,Usa,California,Investment,No,Website,5.0,2,Global Investors
C1050,4,1274655.09,318663.7725,1192.72,71.0,Individual,M,Usa,Georgia,Home,Yes,Website,4.0,1,Corporate Investors
C1053,3,1280976.9,426992.3,1336.61,52.0,Individual,M,Mexico,Nuevo Leon,Home,Yes,Website,2.0,2,Global Investors
C1054,3,837920.5800000001,279306.86000000004,879.3433333333332,37.0,Individual,M,Usa,Arizona,Home,Yes,Website,2.0,1,Corporate Investors
C1058,4,1526007.8199999998,381501.955,1190.4075,53.0,Individual,F,Germany,Bavaria,Home,Yes,Website,3.0,2,Global Investors
C1061,4,1689767.29,422441.8225,1422.9925,66.0,Individual,F,Uk,Scotland,Home,No,Website,1.0,2,Global Investors
C1063,3,1315820.94,438606.98,1354.2933333333333,38.0,Individual,F,Usa,New York,Investment,Yes,Website,5.0,2,Global Investors
C1064,3,695434.77,231811.59,883.7466666666668,81.0,Individual,M,Usa,California,Home,Yes,Website,5.0,1,Corporate Investors
C1065,3,1107631.34,369210.4466666667,1263.5766666666666,71.0,Individual,M,Usa,Georgia,Home,Yes,Client,3.0,2,Global Investors
C1068,3,1403831.31,467943.77,1609.0333333333335,42.0,Individual,F,Usa,California,Home,No,Agency,3.0,2,Global Investors
C1071,4,1047375.62,261843.905,874.6275,60.0,Individual,M,Usa,Texas,Home,No,Agency,2.0,1,Corporate Investors
C1072,3,829884.93,276628.31,979.0866666666668,64.0,Individual,F,Usa,Utah,Home,No,Agency,3.0,1,Corporate Investors
C1073,4,1197808.83,299452.2075,952.0525,71.0,Individual,M,Usa,California,Investment,No,Website,2.0,1,Corporate Investors
C1074,3,1004700.45,334900.15,1092.5400000000002,72.0,Individual,M,Uk,Northern Ireland,Home,No,Website,1.0,1,Corporate Investors
C1077,4,1467449.24,366862.31,1245.935,44.0,Individual,M,Usa,Texas,Investment,No,Agency,2.0,2,Global Investors
C1080,4,1594795.52,398698.88,1425.28,70.0,Individual,F,Uk,England,Investment,No,Agency,4.0,2,Global Investors
C1081,3,1006584.7,335528.23333333334,1203.39,52.0,Company,M,Russia,Novosibirsk,Home,Yes,Agency,4.0,1,Corporate Investors
C1082,3,829499.85,276499.95,953.1133333333332,33.0,Individual,F,Usa,Oregon,Investment,Yes,Website,5.0,1,Corporate Investors
C1083,4,1145122.1,286280.525,939.4875,76.0,Individual,F,Usa,Colorado,Investment,No,Agency,4.0,1,Corporate Investors
C1086,4,1339827.27,334956.8175,1030.21,70.0,Individual,M,Usa,Colorado,Home,Yes,Website,1.0,1,Corporate Investors
C1087,4,1878433.21,469608.3025,1575.1075,42.0,Individual,M,Usa,Colorado,Home,No,Website,3.0,2,Global Investors
C1090,3,1217272.58,405757.5266666667,1396.0966666666666,64.0,Individual,F,Canada,Alberta,Home,Yes,Client,3.0,2,Global Investors
C1094,4,1631407.56,407851.89,1273.5475,66.0,Individual,F,Usa,Washington,Home,Yes,Website,2.0,2,Global Investors
C1101,4,1037914.43,259478.6075,868.5725,62.0,Individual,M,Belgium,Flanders,Home,No,Website,5.0,1,Corporate Investors
C1102,4,1248456.03,312114.0075,993.0625,66.0,Company,M,Germany,Berlin,Home,No,Agency,2.0,1,Corporate Investors
C1108,3,1069904.1,356634.7,1238.36,32.0,Individual,F,Australia,South Australia,Home,No,Website,4.0,1,Corporate Investors
C1109,4,1756965.37,439241.3425,1458.93,59.0,Individual,F,Usa,California,Home,Yes,Client,1.0,2,Global Investors
C1110,4,1445458.33,361364.5825,1152.91,49.0,Individual,M,Usa,New York,Home,Yes,Website,5.0,2,Global Investors
C1112,3,961599.42,320533.14,975.9433333333332,44.0,Individual,M,Usa,Nevada,Investment,Yes,Website,3.0,1,Corporate Investors
C1114,3,872825.73,290941.91,1072.7266666666667,34.0,Individual,F,Usa,California,Home,No,Website,3.0,1,Corporate Investors
C1121,3,1014661.78,338220.5933333333,1124.5,41.0,Individual,F,Usa,California,Home,No,Client,1.0,1,Corporate Investors
C1122,4,1558949.2,389737.3,1208.8775,84.0,Individual,F,Usa,California,Home,No,Website,4.0,2,Global Investors
C1123,3,1241771.44,413923.8133333333,1283.7066666666667,75.0,Individual,M,Usa,Virginia,Home,No,Agency,5.0,2,Global Investors
C1124,4,1272190.01,318047.5025,1040.89,50.0,Individual,F,Usa,Oregon,Investment,Yes,Website,5.0,1,Corporate Investors
C1125,3,1186907.08,395635.69333333336,1332.34,85.0,Individual,M,Usa,Oregon,Home,No,Agency,3.0,2,Global Investors
C1128,3,1186634.53,395544.8433333333,1330.8533333333332,43.0,Individual,M,Usa,California,Investment,No,Website,1.0,2,Global Investors
C1129,4,1463125.26,365781.315,1219.4375,81.0,Individual,F,Usa,Colorado,Investment,No,Agency,5.0,2,Global Investors
C1130,4,1326217.01,331554.2525,1009.23,39.0,Individual,F,Usa,Arizona,Home,No,Website,5.0,1,Corporate Investors
C1134,4,1088583.78,272145.945,905.0375,83.0,Individual,F,Usa,California,Investment,No,Website,1.0,1,Corporate Investors
C1139,3,1297382.59,432460.8633333333,1439.256666666667,30.0,Individual,F,Usa,California,Home,Yes,Client,4.0,2,Global Investors
C1140,3,1275809.71,425269.9033333333,1277.2733333333333,50.0,Individual,M,Usa,Florida,Home,Yes,Website,1.0,2,Global Investors
C1142,4,1492680.13,373170.0325,1222.37,78.0,Individual,F,Usa,Colorado,Home,Yes,Agency,2.0,2,Global Investors
C1143,3,1108329.67,369443.2233333333,1343.8166666666666,32.0,Individual,M,Usa,Arizona,Home,Yes,Website,2.0,2,Global Investors
C1144,4,1244666.12,311166.53,1027.0725,48.0,Individual,F,Usa,Georgia,Investment,No,Client,4.0,1,Corporate Investors
C1145,3,1118850.31,372950.1033333333,1267.4066666666668,33.0,Individual,M,Usa,Nevada,Home,No,Website,5.0,2,Global Investors
C1147,3,905314.84,301771.61333333334,1010.53,48.0,Individual,F,Usa,Utah,Home,No,Website,3.0,1,Corporate Investors
C1149,4,1277449.99,319362.4975,1053.27,46.0,Individual,F,Russia,Tatarstan,Home,No,Agency,3.0,1,Corporate Investors
C1150,3,1476970.3,492323.43333333335,1550.1266666666668,34.0,Individual,F,Usa,Nevada,Investment,No,Agency,4.0,2,Global Investors
C1154,4,1373889.96,343472.49,1135.325,70.0,Individual,M,Usa,Utah,Home,Yes,Agency,5.0,2,Global Investors
C1155,3,1577625.0,525875.0,1679.1066666666666,49.0,Individual,M,Usa,California,Home,No,Website,5.0,2,Global Investors
C1157,4,894080.38,223520.095,716.4525,82.0,Individual,M,Canada,Alberta,Investment,No,Website,2.0,1,Corporate Investors
C1161,4,2022416.31,505604.0775,1486.3275,32.0,Individual,M,Canada,Alberta,Investment,Yes,Website,3.0,2,Global Investors
C1164,4,1315287.03,328821.7575,1169.615,58.0,Individual,F,Belgium,Wallonia,Home,Yes,Agency,3.0,1,Corporate Investors
C1169,4,900300.22,225075.055,832.615,32.0,Individual,M,Russia,Saint Petersburg,Home,Yes,Agency,5.0,1,Corporate Investors
C1170,4,1165955.62,291488.905,1009.9325,36.0,Individual,F,Usa,Nevada,Home,Yes,Website,1.0,1,Corporate Investors
C1172,4,1240274.79,310068.6975,990.4475,84.0,Individual,F,Usa,Nevada,Home,No,Website,5.0,1,Corporate Investors
C1173,4,1261072.17,315268.0425,1014.9825,42.0,Individual,F,Canada,Manitoba,Investment,No,Website,1.0,1,Corporate Investors
C1174,4,1414798.99,353699.7475,1244.8049999999998,44.0,Individual,M,Usa,Nevada,Home,No,Agency,2.0,2,Global Investors
C1176,3,1003328.89,334442.9633333333,1170.3533333333332,51.0,Individual,F,Usa,California,Investment,Yes,Agency,4.0,1,Corporate Investors
C1177,4,1047224.27,261806.0675,816.1600000000001,28.0,Individual,M,Usa,California,Investment,No,Agency,2.0,1,Corporate Investors
C1179,3,848152.02,282717.34,1045.8666666666668,35.0,Individual,F,Usa,California,Home,No,Agency,4.0,1,Corporate Investors
C1180,4,1111089.24,277772.31,1050.5725,31.0,Individual,F,Belgium,Brussels,Home,Yes,Website,2.0,1,Corporate Investors
C1182,4,1522183.38,380545.845,1269.065,65.0,Individual,M,Germany,Bavaria,Investment,Yes,Website,3.0,2,Global Investors
C1188,4,1437535.25,359383.8125,1190.4075,31.0,Individual,M,Canada,Alberta,Home,No,Client,1.0,2,Global Investors
C1190,4,1358669.02,339667.255,1115.61,80.0,Individual,F,Usa,Texas,Home,No,Client,4.0,2,Global Investors
C1192,4,1111237.94,277809.485,941.135,26.0,Individual,M,Usa,Florida,Home,No,Website,5.0,1,Corporate Investors
C1195,4,1118238.91,279559.7275,910.925,36.0,Individual,F,Usa,California,Home,Yes,Agency,4.0,1,Corporate Investors
C1196,4,1731153.76,432788.44,1356.32,71.0,Individual,M,Usa,Nevada,Home,No,Agency,2.0,2,Global Investors
C1197,3,1439595.57,479865.19,1471.4466666666667,67.0,Individual,F,Usa,Arizona,Home,No,Website,4.0,2,Global Investors
C1199,4,1013002.89,253250.7225,910.2925,83.0,Individual,M,Usa,Colorado,Home,No,Website,2.0,1,Corporate Investors
C1200,4,1789601.3299999998,447400.3325,1422.9925,57.0,Individual,M,Usa,Utah,Home,No,Agency,4.0,2,Global Investors
C1202,4,1527115.16,381778.79,1263.775,41.0,Company,M,Canada,Quebec,Investment,Yes,Website,5.0,2,Global Investors
C1204,3,1231356.24,410452.08,1280.28,34.0,Individual,M,Mexico,Puebla,Investment,Yes,Website,2.0,2,Global Investors
C1206,3,941726.19,313908.73,1140.4,69.0,Individual,F,Usa,California,Investment,No,Website,5.0,1,Corporate Investors
C1209,4,1201633.01,300408.2525,1123.3175,48.0,Individual,F,Usa,California,Home,Yes,Website,4.0,1,Corporate Investors
C1210,4,1146800.83,286700.2075,897.47,35.0,Individual,M,Usa,California,Investment,No,Website,1.0,1,Corporate Investors
C1211,4,1447927.02,361981.755,1167.105,30.0,Individual,F,Canada,British Columbia,Home,Yes,Website,5.0,2,Global Investors
C1212,4,1052290.76,263072.69,904.01,69.0,Individual,M,Usa,California,Home,No,Agency,1.0,1,Corporate Investors
C1213,3,829461.56,276487.1866666667,899.9899999999999,33.0,Individual,F,Canada,Manitoba,Home,No,Website,5.0,1,Corporate Investors
C1214,4,1725018.41,431254.6025,1446.1125,26.0,Individual,F,Usa,Florida,Home,No,Agency,1.0,2,Global Investors
C1216,3,1191384.37,397128.12333333335,1464.8466666666666,29.0,Individual,F,France,Normandy,Home,No,Website,4.0,2,Global Investors
C1217,3,1007204.78,335734.9266666667,1186.4366666666667,29.0,Individual,M,Usa,California,Investment,Yes,Website,4.0,1,Corporate Investors
C1219,3,867409.27,289136.42333333334,1074.6233333333332,43.0,Individual,F,Usa,Arizona,Home,Yes,Website,1.0,1,Corporate Investors
C1220,4,1471199.75,367799.9375,1254.045,59.0,Individual,F,Usa,Colorado,Investment,Yes,Website,4.0,2,Global Investors
C1222,3,1319349.86,439783.2866666666,1362.3833333333334,57.0,Individual,M,Usa,Utah,Home,No,Website,4.0,2,Global Investors
C1225,3,1122587.7,374195.9,1168.3366666666668,36.0,Individual,M,Usa,Oregon,Home,No,Website,2.0,1,Corporate Investors
C1226,3,972596.13,324198.71,1082.8966666666668,37.0,Individual,M,Usa,Utah,Home,No,Website,4.0,1,Corporate Investors
C1228,3,1058718.77,352906.25666666665,1124.5,72.0,Individual,M,Usa,California,Home,No,Website,2.0,1,Corporate Investors
C1229,3,1185126.78,395042.26,1303.4733333333334,32.0,Individual,F,Uk,Scotland,Home,Yes,Website,1.0,2,Global Investors
C1231,3,859705.1699999999,286568.39,922.6666666666666,72.0,Individual,F,Usa,California,Home,No,Agency,2.0,1,Corporate Investors
C1233,3,936287.8,312095.93333333335,1078.7866666666666,47.0,Individual,M,Usa,Utah,Home,No,Website,4.0,1,Corporate Investors
C1239,4,1457041.08,364260.27,1114.2125,73.0,Individual,F,Usa,Oregon,Home,No,Agency,3.0,2,Global Investors
C1240,3,1018594.44,339531.48000000004,1104.51,42.0,Individual,F,Usa,Nevada,Investment,Yes,Website,4.0,1,Corporate Investors
C1243,4,1419502.04,354875.51,1246.6175,78.0,Individual,M,Usa,Colorado,Home,No,Website,1.0,2,Global Investors
C1244,3,1438309.93,479436.6433333333,1513.17,34.0,Individual,M,Usa,Utah,Investment,Yes,Website,5.0,2,Global Investors
C1245,3,1422519.51,474173.17,1529.4633333333334,63.0,Individual,M,Usa,California,Home,Yes,Agency,3.0,2,Global Investors
C1246,3,859984.47,286661.49,980.87,83.0,Individual,F,Canada,Alberta,Home,No,Agency,2.0,1,Corporate Investors
C1247,4,1774416.3199999998,443604.08,1489.73,69.0,Individual,F,Usa,Nevada,Investment,No,Website,2.0,2,Global Investors
C1248,3,786895.89,262298.63,899.62,50.0,Individual,F,Usa,Arizona,Home,No,Agency,3.0,1,Corporate Investors
C1251,4,1246714.37,311678.5925,967.0,51.0,Individual,M,Usa,Texas,Investment,No,Website,5.0,1,Corporate Investors
C1254,4,1604050.88,401012.72,1279.9,70.0,Individual,M,Usa,California,Home,Yes,Agency,5.0,2,Global Investors
C1261,3,1491163.72,497054.5733333333,1504.28,50.0,Individual,M,Usa,Utah,Home,No,Client,3.0,2,Global Investors
C1262,3,961425.37,320475.1233333333,1077.3233333333335,76.0,Individual,F,Usa,California,Investment,No,Agency,4.0,1,Corporate Investors
C1264,3,1287173.46,429057.82,1452.263333333333,27.0,Individual,F,Usa,California,Investment,No,Agency,1.0,2,Global Investors
C1267,3,1399933.88,466644.6266666667,1529.4633333333334,61.0,Individual,F,Usa,Colorado,Home,Yes,Website,3.0,2,Global Investors
C1268,3,968928.25,322976.0833333333,1003.3133333333334,31.0,Individual,F,Uk,Northern Ireland,Investment,Yes,Website,1.0,1,Corporate Investors
C1271,4,1296911.85,324227.9625,1040.5175,34.0,Individual,M,Usa,California,Home,Yes,Agency,2.0,1,Corporate Investors
C1274,3,1038831.85,346277.2833333334,1193.7733333333333,47.0,Individual,F,Usa,California,Investment,Yes,Website,1.0,1,Corporate Investors
C1276,3,1635917.97,545305.99,1754.9366666666667,86.0,Individual,M,Australia,Victoria,Home,Yes,Agency,1.0,2,Global Investors
C1277,3,1270250.68,423416.8933333333,1267.4066666666668,45.0,Individual,F,Usa,California,Investment,No,Agency,2.0,2,Global Investors
C1279,3,1278123.59,426041.1966666667,1366.5633333333335,83.0,Individual,M,Usa,California,Home,Yes,Website,4.0,2,Global Investors
C1281,3,889312.14,296437.38,899.9899999999999,28.0,Individual,F,Canada,Manitoba,Investment,Yes,Website,2.0,1,Corporate Investors
C1283,4,1479050.94,369762.735,1185.59,81.0,Individual,F,Usa,New York,Home,No,Agency,3.0,2,Global Investors
C1285,3,1609592.58,536530.86,1680.5266666666666,72.0,Individual,M,Usa,Utah,Home,Yes,Website,4.0,2,Global Investors
C1286,3,1203306.91,401102.3033333333,1192.5933333333332,63.0,Individual,M,Usa,California,Home,No,Agency,5.0,2,Global Investors
C1287,3,843581.37,281193.79,901.6266666666668,28.0,Individual,F,Usa,California,Investment,No,Website,4.0,1,Corporate Investors
C1291,3,1123403.46,374467.82,1240.6066666666666,43.0,Individual,M,Usa,California,Investment,Yes,Website,5.0,2,Global Investors
C1293,4,1853570.08,463392.52,1552.15,54.0,Individual,F,Usa,California,Home,No,Agency,1.0,2,Global Investors
C1294,3,1220533.28,406844.4266666667,1371.6133333333337,63.0,Individual,M,Canada,Ontario,Investment,Yes,Agency,3.0,2,Global Investors
C1296,3,1025127.71,341709.23666666663,1089.46,63.0,Individual,M,Usa,Virginia,Home,No,Website,1.0,1,Corporate Investors
C1297,3,1169866.19,389955.39666666667,1267.4066666666668,43.0,Company,M,Germany,Berlin,Home,No,Website,5.0,2,Global Investors
C1298,4,1571360.11,392840.0275,1276.8225,58.0,Individual,F,Usa,California,Home,No,Agency,2.0,2,Global Investors
C1299,3,1296600.42,432200.14,1440.1933333333334,82.0,Individual,F,Usa,California,Investment,No,Website,3.0,2,Global Investors
C1300,3,1428770.88,476256.96,1451.5366666666669,65.0,Individual,F,Usa,California,Home,No,Website,2.0,2,Global Investors
C1304,3,965747.81,321915.9366666667,1049.38,41.0,Individual,F,Usa,California,Investment,No,Website,1.0,1,Corporate Investors
C1308,4,1363559.13,340889.7825,1042.1975,26.0,Individual,M,Usa,California,Investment,No,Agency,5.0,1,Corporate Investors
C1309,3,1460171.41,486723.8033333334,1674.54,27.0,Individual,M,Usa,California,Home,No,Website,5.0,2,Global Investors
C1310,4,1244334.14,311083.53500000003,1077.195,71.0,Individual,F,Usa,New York,Home,No,Agency,5.0,1,Corporate Investors
C1312,3,786877.06,262292.35333333333,801.46,84.0,Individual,M,Usa,New York,Home,No,Website,5.0,1,Corporate Investors
C1316,4,1238162.97,309540.7425,1052.8325,33.0,Individual,F,Usa,Colorado,Home,Yes,Website,2.0,1,Corporate Investors
C1320,3,1077693.04,359231.01333333337,1129.1766666666665,57.0,Individual,M,Usa,California,Investment,No,Website,1.0,1,Corporate Investors
C1321,3,787847.37,262615.79,853.8133333333334,36.0,Individual,M,Usa,Colorado,Investment,No,Client,5.0,1,Corporate Investors
C1325,4,1380292.56,345073.14,1098.1675,52.0,Individual,M,Canada,Alberta,Home,Yes,Agency,5.0,2,Global Investors
C1330,4,835096.87,208774.2175,699.545,51.0,Individual,F,Usa,Colorado,Investment,No,Agency,2.0,1,Corporate Investors
C1331,3,1047958.11,349319.37,1113.29,40.0,Individual,F,Usa,California,Investment,No,Agency,1.0,1,Corporate Investors
C1332,3,1227353.63,409117.87666666665,1350.493333333333,31.0,Individual,M,Usa,Washington,Investment,Yes,Agency,5.0,2,Global Investors
C1334,4,1906641.78,476660.445,1552.15,61.0,Individual,F,Usa,California,Home,Yes,Agency,5.0,2,Global Investors
C1335,3,1001510.58,333836.86000000004,1070.1933333333334,44.0,Individual,F,Usa,Oregon,Investment,Yes,Website,2.0,1,Corporate Investors
C1336,4,1371591.4,342897.85,1182.3725,78.0,Individual,F,Usa,California,Home,No,Client,5.0,2,Global Investors
C1338,3,1096818.64,365606.2133333333,1169.0466666666669,58.0,Individual,F,Usa,California,Home,Yes,Website,2.0,1,Corporate Investors
C1340,4,1746049.93,436512.4825,1421.465,38.0,Company,M,Usa,Colorado,Home,No,Website,5.0,2,Global Investors
C1354,3,1545799.94,515266.64666666667,1685.2766666666666,85.0,Individual,M,Usa,Florida,Home,No,Website,5.0,2,Global Investors
C1357,3,1077383.54,359127.8466666667,1104.51,39.0,Individual,F,Usa,California,Home,Yes,Website,5.0,1,Corporate Investors
C1358,3,965180.83,321726.9433333333,1078.7866666666666,83.0,Individual,M,Usa,Texas,Home,No,Agency,4.0,1,Corporate Investors
C1363,4,1109919.36,277479.84,942.035,45.0,Individual,M,Usa,Georgia,Home,Yes,Agency,5.0,1,Corporate Investors
C1367,3,1035889.5,345296.5,1124.5,73.0,Individual,F,Germany,Berlin,Home,No,Client,2.0,1,Corporate Investors
C1369,4,1615394.12,403848.53,1338.9,43.0,Individual,M,France,Brittany,Home,Yes,Agency,4.0,2,Global Investors
C1370,4,834659.23,208664.8075,700.7825,61.0,Individual,M,Usa,Colorado,Investment,No,Agency,1.0,1,Corporate Investors
C1373,3,1275663.27,425221.09,1221.6766666666665,34.0,Individual,F,Usa,California,Home,Yes,Website,3.0,2,Global Investors
C1377,3,828441.4099999999,276147.13666666666,862.1066666666666,42.0,Individual,F,Usa,Utah,Investment,No,Website,2.0,1,Corporate Investors
C1379,3,827767.69,275922.5633333333,1077.3233333333335,56.0,Individual,M,Uk,Scotland,Home,No,Website,2.0,1,Corporate Investors
C1383,3,864768.8300000001,288256.2766666667,899.9899999999999,34.0,Individual,M,Usa,California,Home,No,Agency,2.0,1,Corporate Investors
C1384,3,905480.04,301826.68,1016.7633333333332,38.0,Individual,F,Usa,California,Home,Yes,Agency,2.0,1,Corporate Investors
C1385,3,1182983.03,394327.6766666667,1186.4366666666667,80.0,Individual,M,Usa,California,Home,No,Agency,1.0,2,Global Investors
C1389,4,1742522.83,435630.7075,1282.79,74.0,Individual,M,Uk,Scotland,Home,No,Website,2.0,2,Global Investors
C1391,4,1579627.98,394906.995,1343.6575,52.0,Individual,F,Usa,Utah,Home,No,Website,1.0,2,Global Investors
C1392,4,1434978.2000000002,358744.55000000005,1125.515,36.0,Individual,M,Usa,Colorado,Home,Yes,Agency,4.0,2,Global Investors
C1393,4,1187799.99,296949.9975,1027.325,45.0,Individual,F,Mexico,Baja California,Investment,No,Agency,1.0,1,Corporate Investors
C1396,3,977070.12,325690.04,1075.8333333333333,55.0,Individual,M,Canada,Manitoba,Investment,Yes,Website,3.0,1,Corporate Investors
C1397,4,1551369.83,387842.4575,1175.235,43.0,Individual,F,Usa,Nevada,Home,No,Website,4.0,2,Global Investors
C1405,3,1306722.36,435574.12,1438.2933333333333,71.0,Individual,M,Usa,Oregon,Home,No,Agency,5.0,2,Global Investors
C1406,4,1364413.45,341103.3625,1151.61,56.0,Individual,F,Usa,California,Home,No,Website,3.0,2,Global Investors
C1409,3,1072801.12,357600.3733333333,1117.9399999999998,69.0,Individual,F,Usa,Oregon,Investment,No,Website,2.0,1,Corporate Investors
C1411,4,1318823.16,329705.79000000004,1099.4925,39.0,Individual,M,Usa,California,Home,No,Client,2.0,1,Corporate Investors
C1414,4,1188718.7,297179.675,972.335,51.0,Individual,F,Usa,Florida,Home,No,Website,4.0,1,Corporate Investors
C1416,3,1418066.39,472688.7966666667,1452.263333333333,72.0,Individual,M,Usa,Oregon,Home,No,Agency,2.0,2,Global Investors
C1418,3,1443234.89,481078.2966666667,1529.4633333333334,72.0,Individual,M,Usa,Ohio,Investment,No,Website,2.0,2,Global Investors
C1419,4,1143605.72,285901.43,928.745,55.0,Individual,M,Germany,Hamburg,Investment,Yes,Website,4.0,1,Corporate Investors
C1424,3,1382756.57,460918.8566666667,1465.1466666666663,72.0,Individual,F,Usa,Utah,Home,Yes,Agency,2.0,2,Global Investors
C1427,4,1378636.21,344659.0525,1184.9475,71.0,Individual,F,Australia,Victoria,Home,No,Website,5.0,2,Global Investors
C1428,4,1136052.54,284013.135,946.6525,73.0,Individual,F,Usa,Oregon,Home,Yes,Agency,4.0,1,Corporate Investors
C1429,4,1697550.01,424387.5025,1421.465,35.0,Individual,M,Usa,Nevada,Investment,No,Agency,5.0,2,Global Investors
C1430,3,928463.2,309487.73333333334,1022.67,63.0,Individual,M,Usa,Nevada,Home,No,Website,4.0,1,Corporate Investors
C1431,4,1620159.73,405039.9325,1365.9450000000002,83.0,Individual,F,Germany,Hesse,Home,Yes,Website,3.0,2,Global Investors
C1433,3,1358111.0699999998,452703.69,1493.243333333333,73.0,Individual,M,Germany,Hamburg,Home,No,Website,4.0,2,Global Investors
C1435,3,903765.87,301255.29,945.65,59.0,Individual,M,Usa,Texas,Investment,No,Agency,2.0,1,Corporate Investors
C1436,3,969917.19,323305.73,992.22,28.0,Individual,M,Usa,California,Home,No,Website,2.0,1,Corporate Investors
C1437,4,1668948.58,417237.145,1332.2825,29.0,Individual,M,Usa,Arizona,Investment,No,Agency,5.0,2,Global Investors
C1438,3,1255115.0,418371.6666666667,1321.503333333333,38.0,Individual,M,Usa,California,Home,Yes,Agency,2.0,2,Global Investors
C1441,3,1201777.78,400592.5933333333,1334.84,81.0,Individual,F,Usa,California,Investment,No,Website,5.0,2,Global Investors
C1446,4,1550820.49,387705.1225,1385.6475,75.0,Individual,F,Usa,Ohio,Home,No,Website,4.0,2,Global Investors
C1450,3,1028509.6,342836.5333333333,1037.5833333333333,30.0,Individual,F,Usa,Virginia,Home,No,Website,5.0,1,Corporate Investors
C1452,3,1320005.77,440001.9233333333,1487.66,33.0,Individual,F,Belgium,Wallonia,Home,No,Client,3.0,2,Global Investors
C1453,3,1145044.9,381681.6333333333,1243.8233333333333,45.0,Individual,M,Usa,California,Home,No,Agency,2.0,2,Global Investors
C1460,4,1569390.69,392347.6725,1294.645,54.0,Individual,F,Uk,England,Home,Yes,Agency,1.0,2,Global Investors
C1465,3,1312191.47,437397.1566666667,1457.8333333333333,36.0,Individual,M,Usa,Ohio,Home,Yes,Website,3.0,2,Global Investors
C1474,4,1563434.47,390858.6175,1307.3,57.0,Individual,M,Usa,Oregon,Home,No,Website,3.0,2,Global Investors
C1475,4,1579186.25,394796.5625,1287.055,82.0,Individual,M,Mexico,Jalisco,Home,Yes,Agency,4.0,2,Global Investors
C1476,4,1505369.42,376342.355,1141.225,26.0,Individual,M,Usa,Nevada,Home,No,Agency,1.0,2,Global Investors
C1477,4,1051466.92,262866.73,920.7075,58.0,Company,F,Usa,California,Investment,No,Agency,1.0,1,Corporate Investors
C1478,3,965772.74,321924.24666666664,1082.8966666666668,68.0,Individual,F,Canada,British Columbia,Investment,No,Agency,1.0,1,Corporate Investors
C1480,4,1466467.79,366616.9475,1220.42,41.0,Individual,F,Usa,Virginia,Investment,No,Client,3.0,2,Global Investors
C1481,4,1059700.88,264925.22000000003,901.245,42.0,Company,F,Usa,Arizona,Investment,No,Website,3.0,1,Corporate Investors
C1483,4,1831769.62,457942.405,1486.3275,51.0,Individual,M,Usa,Colorado,Home,Yes,Agency,3.0,2,Global Investors
C1484,4,1117191.81,279297.9525,995.0275,55.0,Individual,F,Usa,Colorado,Home,No,Client,3.0,1,Corporate Investors
C1487,4,1553533.51,388383.3775,1294.645,61.0,Individual,F,Usa,New York,Home,No,Agency,3.0,2,Global Investors
C1488,3,1029238.79,343079.5966666667,1140.1866666666667,51.0,Individual,M,Usa,Florida,Investment,No,Website,2.0,1,Corporate Investors
C1490,3,861119.76,287039.92,939.33,32.0,Individual,M,Uk,Wales,Investment,Yes,Client,5.0,1,Corporate Investors
C1491,4,1056750.03,264187.5075,901.245,29.0,Individual,F,Usa,Georgia,Home,No,Agency,4.0,1,Corporate Investors
C1494,3,913338.07,304446.0233333333,934.8733333333332,30.0,Individual,M,Usa,New York,Home,No,Client,1.0,1,Corporate Investors
C1495,4,2059292.68,514823.17,1591.4725,35.0,Individual,M,Denmark,Capital Region,Home,No,Website,1.0,2,Global Investors
C1498,4,1142631.83,285657.9575,889.8725000000001,59.0,Individual,F,Mexico,Puebla,Investment,No,Website,5.0,1,Corporate Investors
C1499,3,1321905.54,440635.18,1523.6933333333334,29.0,Individual,F,Russia,Saint Petersburg,Home,Yes,Agency,3.0,2,Global Investors
C1500,4,1020299.92,255074.98,841.385,31.0,Individual,F,Australia,Victoria,Home,No,Agency,2.0,1,Corporate Investors
C1506,3,1010109.4,336703.13333333336,1155.4633333333334,76.0,Individual,M,Usa,Utah,Investment,No,Website,3.0,1,Corporate Investors
C1508,4,965283.79,241320.9475,783.64,32.0,Individual,M,Uk,Scotland,Home,No,Agency,3.0,1,Corporate Investors
C1510,3,804243.22,268081.0733333333,842.68,64.0,Company,M,Usa,California,Home,No,Agency,5.0,1,Corporate Investors
C1513,3,1452266.37,484088.79,1538.7766666666666,31.0,Individual,F,Usa,Florida,Home,No,Website,2.0,2,Global Investors
C1514,3,1211908.53,403969.51,1386.32,40.0,Individual,F,Usa,New York,Home,No,Website,4.0,2,Global Investors
C1518,4,961942.88,240485.72,886.4275,32.0,Individual,F,Australia,Victoria,Home,Yes,Agency,5.0,1,Corporate Investors
C1520,4,1425469.02,356367.255,1187.8925,81.0,Individual,M,Usa,Utah,Home,No,Website,1.0,2,Global Investors
C1526,3,1429330.15,476443.3833333333,1600.9133333333332,70.0,Individual,F,Usa,California,Home,No,Website,3.0,2,Global Investors
C1528,3,1058452.68,352817.56,1125.17,29.0,Individual,F,Germany,Hamburg,Home,Yes,Website,1.0,1,Corporate Investors
C1533,4,1019127.09,254781.7725,727.265,38.0,Individual,M,Canada,British Columbia,Home,No,Agency,4.0,1,Corporate Investors
C1534,3,1195359.88,398453.2933333333,1303.4733333333334,30.0,Individual,F,Usa,California,Home,Yes,Website,4.0,2,Global Investors
C1535,4,1967005.46,491751.365,1591.4725,32.0,Individual,M,Uk,England,Investment,No,Agency,3.0,2,Global Investors
C1536,3,1076884.84,358961.61333333334,1050.6433333333332,44.0,Individual,F,Usa,Washington,Home,No,Website,3.0,1,Corporate Investors
C1537,3,1637300.41,545766.8033333333,1579.3133333333335,27.0,Individual,F,Usa,Arizona,Home,No,Website,5.0,2,Global Investors
C1538,3,775544.78,258514.92666666667,941.38,79.0,Individual,F,Usa,California,Investment,No,Website,5.0,1,Corporate Investors
C1540,3,842510.7,280836.9,908.2333333333332,69.0,Individual,M,Usa,California,Home,Yes,Client,2.0,1,Corporate Investors
C1543,3,1199490.31,399830.1033333333,1267.4066666666668,71.0,Individual,F,Usa,New York,Investment,No,Agency,3.0,2,Global Investors
C1546,4,1161022.51,290255.6275,874.9925000000001,60.0,Individual,F,Mexico,Puebla,Home,Yes,Agency,4.0,1,Corporate Investors
C1547,4,1199337.46,299834.365,997.415,51.0,Individual,F,Usa,Florida,Home,Yes,Agency,2.0,1,Corporate Investors
C1550,4,1368767.79,342191.9475,1164.015,28.0,Individual,M,Usa,California,Home,No,Agency,2.0,2,Global Investors
C1554,3,742034.24,247344.74666666667,678.9699999999999,28.0,Individual,M,Germany,Bavaria,Home,No,Website,1.0,1,Corporate Investors
C1558,3,1482069.56,494023.1866666667,1680.5266666666666,82.0,Individual,M,Mexico,Baja California,Home,No,Website,4.0,2,Global Investors
C1562,3,1179775.32,393258.44,1268.0466666666669,39.0,Individual,F,Usa,California,Home,No,Client,4.0,2,Global Investors
C1564,3,1595925.43,531975.1433333333,1635.6233333333332,62.0,Individual,M,Usa,Washington,Investment,No,Website,5.0,2,Global Investors
C1565,4,1140899.22,285224.805,994.0725,46.0,Individual,M,Mexico,Jalisco,Home,No,Agency,4.0,1,Corporate Investors
C1566,4,1450240.65,362560.1625,1175.235,31.0,Individual,M,Usa,California,Home,No,Website,3.0,2,Global Investors
C1567,4,1594452.62,398613.155,1276.9875,49.0,Individual,M,Usa,Georgia,Home,No,Client,4.0,2,Global Investors
C1568,3,1373808.09,457936.03,1357.1933333333334,36.0,Individual,F,Usa,California,Home,No,Website,5.0,2,Global Investors
C1569,3,1175242.5499999998,391747.5166666666,1258.29,33.0,Individual,F,Usa,California,Investment,Yes,Website,1.0,2,Global Investors
C1571,4,1243439.96,310859.99,1092.085,48.0,Individual,M,Usa,California,Home,No,Website,2.0,1,Corporate Investors
C1572,4,886149.52,221537.38,748.33,66.0,Individual,M,Australia,Queensland,Home,No,Agency,3.0,1,Corporate Investors
C1573,4,1175839.94,293959.985,1059.9375,80.0,Individual,F,Usa,California,Home,No,Website,1.0,1,Corporate Investors
C1578,3,765431.01,255143.67,934.8733333333332,30.0,Individual,M,Usa,California,Investment,No,Website,2.0,1,Corporate Investors
C1579,4,1101753.59,275438.3975,952.0525,81.0,Individual,M,Usa,Arizona,Investment,No,Website,4.0,1,Corporate Investors
C1580,4,1008834.66,252208.665,872.2,29.0,Individual,M,Usa,Georgia,Investment,Yes,Website,1.0,1,Corporate Investors
C1581,3,1123364.22,374454.74,1023.9266666666666,76.0,Individual,M,Usa,California,Investment,No,Website,1.0,1,Corporate Investors
C1583,4,1378030.61,344507.6525,1170.135,58.0,Individual,M,Usa,California,Home,No,Agency,2.0,2,Global Investors
C1584,3,1199226.44,399742.14666666667,1361.743333333333,41.0,Company,M,France,Brittany,Investment,Yes,Website,1.0,2,Global Investors
C1585,4,1480011.91,370002.9775,1276.8225,66.0,Individual,M,Canada,Ontario,Home,No,Website,5.0,2,Global Investors
C1587,3,743057.13,247685.71,850.2466666666668,83.0,Individual,M,Canada,Quebec,Investment,Yes,Agency,4.0,1,Corporate Investors
C1589,3,1380536.7000000002,460178.9000000001,1396.87,73.0,Individual,F,Usa,California,Investment,No,Agency,4.0,2,Global Investors
C1592,4,878452.1900000001,219613.0475,735.11,51.0,Individual,F,Usa,Texas,Investment,Yes,Agency,2.0,1,Corporate Investors
C1593,4,825960.49,206490.1225,666.135,51.0,Individual,M,Usa,California,Home,No,Website,1.0,1,Corporate Investors
C1596,3,1642954.44,547651.48,1649.26,47.0,Individual,M,Germany,Berlin,Investment,No,Website,4.0,2,Global Investors
C1602,4,1676863.99,419215.9975,1425.28,40.0,Individual,M,Usa,Nevada,Investment,No,Website,4.0,2,Global Investors
C1603,4,1077719.71,269429.9275,976.205,64.0,Individual,F,Uk,England,Home,No,Website,5.0,1,Corporate Investors
C1604,3,1050264.24,350088.08,1243.8233333333333,77.0,Individual,M,Usa,Texas,Home,No,Website,4.0,1,Corporate Investors
C1607,3,829294.5700000001,276431.5233333334,927.6066666666666,63.0,Individual,F,Usa,California,Home,No,Agency,3.0,1,Corporate Investors
C1609,3,804844.43,268281.4766666667,900.46,62.0,Individual,M,Usa,California,Investment,No,Website,2.0,1,Corporate Investors
C1611,4,1072189.52,268047.38,842.75,51.0,Individual,F,Usa,Nevada,Investment,No,Website,4.0,1,Corporate Investors
C1613,4,1608368.22,402092.055,1400.6975,28.0,Individual,M,Denmark,Southern Denmark,Home,Yes,Agency,2.0,2,Global Investors
C1615,3,857125.52,285708.50666666665,903.87,63.0,Individual,M,Usa,Utah,Home,No,Agency,5.0,1,Corporate Investors
C1616,4,1344053.71,336013.4275,1128.1275,35.0,Individual,M,Uk,Wales,Investment,Yes,Website,5.0,2,Global Investors
C1617,3,776005.5,258668.5,839.1433333333334,74.0,Individual,F,Usa,California,Home,No,Website,3.0,1,Corporate Investors
C1620,3,788250.3500000001,262750.1166666667,979.0866666666668,82.0,Individual,M,Usa,California,Home,Yes,Website,1.0,1,Corporate Investors
C1622,3,1054193.36,351397.7866666666,1107.81,65.0,Individual,F,Usa,Oregon,Home,Yes,Website,1.0,1,Corporate Investors
C1623,3,1060233.46,353411.1533333333,1111.2966666666666,32.0,Individual,F,Usa,Oregon,Home,No,Website,4.0,1,Corporate Investors
C1624,4,1943363.94,485840.985,1602.67,75.0,Individual,F,Usa,California,Home,Yes,Website,4.0,2,Global Investors
C1625,3,910587.85,303529.2833333333,1094.84,26.0,Individual,M,Australia,Western Australia,Home,No,Agency,4.0,1,Corporate Investors
C1630,3,1206881.92,402293.9733333333,1338.1466666666668,32.0,Company,F,Usa,Virginia,Investment,Yes,Website,1.0,2,Global Investors
C1631,4,1683720.2,420930.05,1267.07,60.0,Individual,F,Uk,Northern Ireland,Home,No,Website,5.0,2,Global Investors
C1632,4,1425130.6800000002,356282.67000000004,1152.755,63.0,Individual,F,Usa,California,Investment,Yes,Agency,3.0,2,Global Investors
C1633,3,847190.3300000001,282396.7766666667,976.8166666666666,49.0,Individual,F,Canada,Ontario,Home,No,Website,2.0,1,Corporate Investors
C1634,4,1044217.01,261054.2525,872.2,82.0,Individual,F,Usa,Georgia,Investment,No,Website,2.0,1,Corporate Investors
C1636,3,1171439.72,390479.9066666667,1308.513333333333,39.0,Company,F,Usa,Arizona,Home,Yes,Website,5.0,2,Global Investors
C1637,3,1333020.46,444340.1533333333,1525.18,57.0,Individual,M,Mexico,Nuevo Leon,Home,No,Agency,5.0,2,Global Investors
C1640,4,1172146.65,293036.6625,1047.99,60.0,Individual,F,Usa,California,Home,Yes,Website,1.0,1,Corporate Investors
C1643,3,1182889.92,394296.64,1468.6933333333334,48.0,Individual,M,France,Ile-De-France,Home,No,Agency,4.0,2,Global Investors
C1645,4,1503973.21,375993.3025,1238.115,31.0,Individual,F,Australia,New South Wales,Investment,No,Website,1.0,2,Global Investors
C1646,3,972186.46,324062.1533333333,1052.4533333333334,28.0,Individual,M,Usa,Washington,Investment,Yes,Agency,4.0,1,Corporate Investors
C1649,4,1540887.81,385221.9525,1254.045,44.0,Individual,F,Usa,Oregon,Home,Yes,Agency,4.0,2,Global Investors
C1650,3,1065238.5,355079.5,1057.95,57.0,Individual,M,Usa,Washington,Investment,No,Website,2.0,1,Corporate Investors
C1653,4,957106.48,239276.62,860.9325,52.0,Individual,F,Usa,Colorado,Investment,Yes,Website,4.0,1,Corporate Investors
C1654,4,1250065.38,312516.34500000003,951.6375,58.0,Individual,F,Usa,California,Home,No,Website,1.0,1,Corporate Investors
C1656,4,1401657.84,350414.46,1182.3725,35.0,Individual,M,Belgium,Wallonia,Investment,Yes,Website,4.0,2,Global Investors
C1658,4,1243178.6,310794.65,984.12,56.0,Individual,M,Usa,California,Home,No,Agency,5.0,1,Corporate Investors
C1659,4,1576416.87,394104.2175,1307.3,80.0,Individual,M,Denmark,Zealand,Home,No,Website,4.0,2,Global Investors
C1666,3,706503.5900000001,235501.19666666668,736.0433333333334,64.0,Individual,F,Usa,Ohio,Home,No,Website,2.0,1,Corporate Investors
C1668,4,1046863.21,261715.8025,872.2,69.0,Individual,M,Australia,Victoria,Home,No,Website,5.0,1,Corporate Investors
C1669,4,948271.34,237067.835,837.5225,66.0,Individual,M,Canada,Alberta,Investment,Yes,Agency,3.0,1,Corporate Investors
C1670,4,1356021.03,339005.2575,1076.59,56.0,Individual,F,Usa,Colorado,Home,Yes,Website,3.0,1,Corporate Investors
C1672,3,728363.1699999999,242787.7233333333,889.9166666666666,52.0,Individual,F,Usa,Nevada,Investment,No,Website,4.0,1,Corporate Investors
C1673,4,1803634.76,450908.69,1422.9925,34.0,Individual,F,Usa,Washington,Home,Yes,Website,1.0,2,Global Investors
C1675,3,918037.68,306012.56,1012.96,41.0,Individual,F,Canada,Alberta,Investment,No,Website,5.0,1,Corporate Investors
C1678,3,1377654.29,459218.0966666667,1650.4733333333334,65.0,Individual,M,Usa,California,Home,Yes,Agency,1.0,2,Global Investors
C1682,4,1469905.41,367476.3525,1257.0925,39.0,Individual,F,Usa,Nevada,Home,No,Website,2.0,2,Global Investors
C1684,4,1109440.17,277360.0425,883.4825000000001,49.0,Individual,F,Usa,Colorado,Investment,No,Website,4.0,1,Corporate Investors
C1692,4,1165619.91,291404.97750000004,984.9525,35.0,Individual,M,Canada,Ontario,Home,Yes,Agency,5.0,1,Corporate Investors
C1697,4,802813.26,200703.315,700.7825,46.0,Individual,F,Belgium,Brussels,Home,No,Client,2.0,1,Corporate Investors
C1698,3,764529.97,254843.32333333333,901.6266666666668,76.0,Individual,M,Uk,Northern Ireland,Home,Yes,Website,4.0,1,Corporate Investors
C1700,4,1293648.37,323412.0925,1050.5725,83.0,Individual,M,Usa,Nevada,Home,No,Website,3.0,1,Corporate Investors
C1702,3,1259181.49,419727.1633333333,1477.03,36.0,Individual,M,Usa,Washington,Investment,Yes,Website,5.0,2,Global Investors
C1708,3,854426.52,284808.84,897.3100000000001,40.0,Individual,F,Germany,Hesse,Home,Yes,Agency,1.0,1,Corporate Investors
C1709,3,1336416.16,445472.0533333334,1513.17,80.0,Individual,F,Usa,Arizona,Investment,No,Agency,3.0,2,Global Investors
C1712,4,1280242.15,320060.5375,1102.08,55.0,Individual,M,France,Occitanie,Home,No,Website,5.0,1,Corporate Investors
C1713,4,1401670.4500000002,350417.61250000005,1186.5225,45.0,Individual,F,Usa,Oregon,Home,No,Website,1.0,2,Global Investors
C1714,4,1054289.58,263572.395,823.6625,78.0,Individual,M,Usa,Colorado,Home,No,Website,3.0,1,Corporate Investors
C1718,4,1362121.47,340530.3675,1150.74,31.0,Individual,F,Usa,California,Home,No,Website,1.0,1,Corporate Investors
C1719,3,1178759.88,392919.96,1263.8633333333337,66.0,Company,M,Usa,Florida,Home,No,Agency,2.0,2,Global Investors
C1720,4,1396671.77,349167.9425,1122.0925,30.0,Individual,F,Usa,California,Home,Yes,Website,5.0,2,Global Investors
C1721,4,1282729.71,320682.4275,1034.0675,40.0,Individual,M,Usa,Nevada,Home,No,Agency,2.0,1,Corporate Investors
C1723,4,1084602.42,271150.605,900.39,28.0,Individual,F,Canada,Quebec,Home,Yes,Agency,2.0,1,Corporate Investors
C1725,4,1352500.23,338125.0575,1167.3975,67.0,Individual,F,Usa,Nevada,Home,Yes,Website,3.0,2,Global Investors
C1727,4,1563834.42,390958.605,1210.7375,81.0,Individual,F,Usa,New York,Home,No,Website,3.0,2,Global Investors
C1728,4,1436312.58,359078.145,1225.265,82.0,Individual,F,Usa,Oregon,Home,Yes,Client,3.0,2,Global Investors
C1735,3,1139995.98,379998.66,1258.4,57.0,Individual,F,Usa,Utah,Investment,No,Website,3.0,2,Global Investors
C1748,3,1112272.46,370757.4866666666,1274.52,76.0,Individual,M,Usa,California,Home,Yes,Website,4.0,2,Global Investors
C1750,4,1497163.73,374290.9325,1150.2,35.0,Company,M,Usa,Colorado,Home,No,Website,3.0,2,Global Investors
C1752,3,1119600.47,373200.1566666667,1152.5966666666666,46.0,Individual,M,Usa,California,Investment,Yes,Website,1.0,1,Corporate Investors
C1754,3,1361555.24,453851.7466666666,1471.9,31.0,Individual,M,Usa,Virginia,Home,Yes,Website,2.0,2,Global Investors
C1757,3,1125366.62,375122.2066666667,1182.08,41.0,Individual,M,Germany,Bavaria,Home,No,Client,3.0,2,Global Investors
C1759,4,1031917.22,257979.305,831.47,52.0,Individual,M,Usa,California,Investment,No,Website,1.0,1,Corporate Investors
C1760,4,1454358.32,363589.58,1265.3825,51.0,Individual,F,Belgium,Brussels,Home,No,Website,2.0,2,Global Investors
C1761,4,1181772.43,295443.1075,972.335,71.0,Individual,M,Usa,Washington,Home,No,Website,1.0,1,Corporate Investors
C1764,4,1668335.18,417083.795,1338.9,80.0,Individual,F,Usa,Nevada,Home,No,Agency,2.0,2,Global Investors
C1765,4,1734167.51,433541.8775,1577.2325,29.0,Individual,F,Usa,Colorado,Home,Yes,Client,1.0,2,Global Investors
C1766,4,1371247.08,342811.77,1071.3925,33.0,Individual,F,Usa,California,Home,No,Website,4.0,2,Global Investors
C1768,4,985105.21,246276.3025,834.6575,83.0,Individual,F,Russia,Saint Petersburg,Home,No,Website,4.0,1,Corporate Investors
C1775,4,1414776.99,353694.2475,1102.9725,56.0,Individual,F,Usa,California,Home,No,Agency,3.0,2,Global Investors
C1776,3,1071718.4,357239.4666666666,1196.1733333333334,53.0,Individual,F,France,Occitanie,Home,No,Website,1.0,1,Corporate Investors
C1778,3,1216664.8199999998,405554.94,1339.73,32.0,Individual,M,Usa,Georgia,Investment,Yes,Website,4.0,2,Global Investors
C1781,4,1383316.42,345829.105,1164.015,58.0,Individual,F,Usa,California,Home,No,Website,4.0,2,Global Investors
C1782,4,897646.55,224411.6375,783.64,27.0,Individual,F,Uk,England,Investment,No,Website,1.0,1,Corporate Investors
C1783,4,1136482.92,284120.73,883.805,72.0,Individual,M,Usa,California,Home,No,Website,3.0,1,Corporate Investors
C1786,4,1247095.22,311773.805,1102.2725,31.0,Individual,M,Usa,California,Home,No,Website,1.0,1,Corporate Investors
C1793,4,1317525.03,329381.2575,1102.08,57.0,Individual,M,Usa,Utah,Investment,No,Website,1.0,1,Corporate Investors
C1795,4,1058019.94,264504.985,827.2,81.0,Individual,M,Usa,California,Home,Yes,Website,5.0,1,Corporate Investors
C1798,4,1601121.79,400280.4475,1263.96,60.0,Individual,M,Usa,Arizona,Investment,Yes,Website,1.0,2,Global Investors
C1799,4,1022792.49,255698.1225,823.6625,76.0,Individual,F,Usa,Colorado,Home,No,Agency,5.0,1,Corporate Investors
C1801,3,1473065.73,491021.91,1422.97,62.0,Individual,M,Usa,California,Home,Yes,Website,5.0,2,Global Investors
C1804,4,1735376.55,433844.1375,1504.0975,37.0,Individual,M,Usa,California,Home,No,Website,1.0,2,Global Investors
C1805,4,1871670.17,467917.5425,1699.3675,73.0,Individual,M,Uk,Northern Ireland,Investment,No,Website,3.0,2,Global Investors
C1807,3,1520931.78,506977.26,1469.18,69.0,Individual,F,France,Brittany,Home,No,Website,5.0,2,Global Investors
C1808,4,1102931.4500000002,275732.86250000005,989.46,36.0,Individual,F,Usa,Washington,Investment,No,Client,2.0,1,Corporate Investors
C1809,4,1221253.05,305313.2625,1104.2925,45.0,Individual,F,Usa,New York,Home,Yes,Agency,4.0,1,Corporate Investors
C1810,3,991862.87,330620.95666666667,1138.4233333333334,81.0,Individual,F,Usa,Texas,Home,No,Agency,3.0,1,Corporate Investors
C1813,4,1552316.39,388079.0975,1294.645,79.0,Individual,M,Germany,Hamburg,Investment,Yes,Website,3.0,2,Global Investors
C1814,4,1303261.99,325815.4975,1153.0825,39.0,Individual,M,Denmark,North Denmark,Home,No,Website,2.0,1,Corporate Investors
C1816,4,1078876.87,269719.2175,909.9825,64.0,Individual,M,Canada,Quebec,Home,No,Website,2.0,1,Corporate Investors
C1819,3,1067644.33,355881.44333333336,1339.746666666667,63.0,Individual,M,Russia,Krasnodar Krai,Home,No,Website,1.0,1,Corporate Investors
C1823,3,993925.86,331308.62,994.8266666666668,59.0,Individual,M,Usa,Oregon,Home,Yes,Website,4.0,1,Corporate Investors
C1824,4,945036.97,236259.2425,857.7574999999999,64.0,Individual,M,Usa,California,Home,No,Website,3.0,1,Corporate Investors
C1826,4,1300035.21,325008.8025,1159.5325,75.0,Individual,M,Usa,Ohio,Home,No,Client,4.0,1,Corporate Investors
C1827,4,1221529.77,305382.4425,988.7175,53.0,Individual,M,Usa,New York,Home,Yes,Website,5.0,1,Corporate Investors
C1836,4,1213775.31,303443.8275,958.755,66.0,Individual,F,Usa,California,Investment,Yes,Website,1.0,1,Corporate Investors
C1837,4,1507583.69,376895.9225,1333.2775,76.0,Individual,F,Usa,California,Home,Yes,Client,2.0,2,Global Investors
C1842,3,1252827.37,417609.12333333335,1407.513333333333,48.0,Company,M,Canada,Alberta,Home,Yes,Agency,3.0,2,Global Investors
C1845,3,889124.6799999999,296374.8933333333,972.0533333333332,77.0,Individual,M,Usa,California,Investment,Yes,Website,1.0,1,Corporate Investors
C1847,4,1080850.85,270212.7125,859.7125,74.0,Individual,M,Usa,Utah,Home,No,Website,4.0,1,Corporate Investors
C1849,3,1019239.08,339746.36,1016.7633333333332,50.0,Individual,M,Canada,Alberta,Investment,Yes,Website,3.0,1,Corporate Investors
C1851,4,1552543.97,388135.9925,1153.5575,72.0,Individual,F,Uk,England,Home,Yes,Agency,3.0,2,Global Investors
C1855,4,1117305.86,279326.465,874.6275,42.0,Individual,F,Usa,California,Home,Yes,Website,2.0,1,Corporate Investors
C1858,3,1161958.29,387319.43,1267.5866666666668,68.0,Individual,F,Usa,Colorado,Home,No,Website,5.0,2,Global Investors
C1861,4,1475178.95,368794.7375,1239.9025,44.0,Individual,M,Usa,California,Investment,Yes,Website,3.0,2,Global Investors
C1863,4,1281313.02,320328.255,1039.19,78.0,Individual,F,Uk,Scotland,Home,No,Website,3.0,1,Corporate Investors
C1865,3,1092253.24,364084.4133333333,1196.1733333333334,52.0,Individual,M,Usa,Arizona,Investment,No,Website,4.0,1,Corporate Investors
C1869,4,1335399.36,333849.84,1132.7375,51.0,Individual,F,Mexico,Nuevo Leon,Home,No,Client,5.0,2,Global Investors
C1873,4,841611.53,210402.8825,727.265,67.0,Individual,F,Canada,British Columbia,Home,No,Agency,5.0,1,Corporate Investors
C1878,3,958603.36,319534.4533333333,1097.4366666666667,59.0,Individual,M,Usa,Washington,Home,No,Agency,5.0,1,Corporate Investors
C1883,4,1877399.32,469349.83,1489.11,85.0,Individual,M,Usa,California,Home,No,Agency,1.0,2,Global Investors
C1884,3,930994.21,310331.4033333334,997.4133333333332,72.0,Individual,M,Usa,Nevada,Home,Yes,Website,5.0,1,Corporate Investors
C1887,3,822999.76,274333.25333333336,941.21,40.0,Individual,F,Usa,Oregon,Investment,No,Agency,1.0,1,Corporate Investors
C1888,4,981962.01,245490.5025,820.9224999999999,64.0,Individual,M,Usa,California,Home,No,Website,3.0,1,Corporate Investors
C1889,3,1193609.3,397869.76666666666,1205.9633333333334,39.0,Individual,M,Usa,California,Home,Yes,Website,4.0,2,Global Investors
C1890,4,1209659.27,302414.8175,1042.1725,72.0,Individual,M,Canada,Ontario,Home,No,Client,4.0,1,Corporate Investors
C1891,4,1466482.7999999998,366620.7,1244.8049999999998,54.0,Individual,M,Usa,Oregon,Home,No,Agency,2.0,2,Global Investors
C1892,3,978638.94,326212.98,1033.4833333333331,75.0,Individual,F,Usa,Nevada,Investment,Yes,Agency,5.0,1,Corporate Investors
C1894,4,1284918.37,321229.5925,1027.81,82.0,Individual,F,Usa,Texas,Investment,No,Website,4.0,1,Corporate Investors
C1895,3,1170571.86,390190.62000000005,1308.513333333333,57.0,Company,M,Usa,Nevada,Investment,No,Agency,4.0,2,Global Investors
C1898,4,1159717.54,289929.385,951.82,47.0,Individual,M,Usa,New York,Home,Yes,Website,1.0,1,Corporate Investors
C1899,3,1001627.28,333875.76,1221.3833333333334,30.0,Individual,M,Uk,England,Home,No,Website,3.0,1,Corporate Investors
C1900,4,1185889.79,296472.4475,1210.7375000000002,28.0,Individual,F,Uk,England,Investment,No,Client,4.0,1,Corporate Investors
C1902,4,1127600.93,281900.2325,885.395,46.0,Company,M,Usa,Colorado,Investment,No,Agency,2.0,1,Corporate Investors
C1903,4,1453139.0699999998,363284.7675,1192.72,35.0,Individual,F,Usa,Nevada,Home,No,Website,2.0,2,Global Investors
C1905,3,1180529.35,393509.7833333334,1354.2933333333333,65.0,Individual,M,Usa,Virginia,Home,No,Website,1.0,2,Global Investors
C1907,4,1751481.15,437870.2875,1349.2,76.0,Individual,M,Usa,Colorado,Home,No,Website,3.0,2,Global Investors
C1909,3,1238663.76,412887.92,1313.16,41.0,Individual,F,Usa,California,Investment,No,Agency,2.0,2,Global Investors
C1910,4,816793.9099999999,204198.4775,735.11,41.0,Company,M,Usa,California,Home,Yes,Agency,2.0,1,Corporate Investors
C1911,3,1195691.95,398563.9833333333,1268.0466666666669,37.0,Individual,M,Usa,California,Home,No,Agency,5.0,2,Global Investors
C1913,4,1210353.53,302588.3825,972.245,46.0,Individual,M,France,Provence,Home,No,Website,5.0,1,Corporate Investors
C1915,3,1015184.58,338394.86,1076.6899999999998,62.0,Individual,F,Usa,Arizona,Investment,No,Client,4.0,1,Corporate Investors
C1922,3,1549836.17,516612.0566666666,1592.1233333333332,38.0,Individual,F,Usa,California,Home,No,Agency,1.0,2,Global Investors
C1923,4,1302917.16,325729.29,1140.38,79.0,Individual,F,Mexico,Jalisco,Investment,Yes,Client,1.0,1,Corporate Investors
C1924,4,1453954.37,363488.5925,1253.3075,68.0,Individual,M,Usa,California,Home,No,Client,3.0,2,Global Investors
C1926,4,1238034.03,309508.5075,1014.73,29.0,Individual,M,Mexico,Puebla,Home,Yes,Website,1.0,1,Corporate Investors
C1927,4,1325474.94,331368.735,1280.6875,74.0,Individual,F,Usa,California,Investment,Yes,Website,1.0,1,Corporate Investors
C1931,4,1323884.11,330971.0275,1047.99,31.0,Individual,F,Usa,Utah,Home,Yes,Website,5.0,1,Corporate Investors
C1933,3,822428.05,274142.68333333335,851.87,32.0,Company,F,Australia,Queensland,Home,No,Client,1.0,1,Corporate Investors
C1939,3,674304.95,224768.31666666665,839.1433333333334,47.0,Individual,F,Usa,Florida,Investment,Yes,Agency,1.0,1,Corporate Investors
C1940,4,1403901.14,350975.28500000003,1216.595,29.0,Individual,F,Canada,Manitoba,Home,No,Agency,4.0,2,Global Investors
C1942,3,1133984.52,377994.84,1313.16,42.0,Company,F,Usa,Nevada,Home,Yes,Agency,2.0,2,Global Investors
C1943,3,967521.23,322507.07666666666,1042.71,53.0,Individual,M,Usa,Arizona,Home,No,Website,1.0,1,Corporate Investors
C1947,3,1247905.56,415968.52,1328.47,47.0,Individual,M,Usa,Nevada,Home,No,Website,3.0,2,Global Investors
C1948,3,1530233.0,510077.6666666667,1527.8633333333337,71.0,Individual,F,Usa,Arizona,Home,No,Agency,2.0,2,Global Investors
C1951,4,1128864.17,282216.0425,972.335,30.0,Individual,M,Usa,Utah,Home,Yes,Website,1.0,1,Corporate Investors
C1952,3,1235262.65,411754.2166666666,1451.5366666666669,34.0,Company,M,Usa,Nevada,Home,No,Agency,3.0,2,Global Investors
C1954,3,809731.0700000001,269910.3566666667,899.9899999999999,60.0,Individual,F,Australia,Western Australia,Investment,No,Website,3.0,1,Corporate Investors
C1958,4,1567012.19,391753.0475,1287.0549999999998,56.0,Individual,F,Usa,California,Home,No,Website,3.0,2,Global Investors
C1960,3,1196488.96,398829.6533333333,1350.493333333333,39.0,Individual,F,Usa,Colorado,Home,Yes,Website,2.0,2,Global Investors
C1962,3,971475.24,323825.08,1108.1033333333332,31.0,Individual,F,Mexico,Puebla,Home,No,Agency,5.0,1,Corporate Investors
C1963,3,983925.13,327975.04333333333,1090.7733333333333,58.0,Company,M,Usa,Texas,Home,No,Website,5.0,1,Corporate Investors
C1965,3,1489053.39,496351.13,1579.3133333333335,29.0,Individual,M,Usa,California,Home,No,Agency,4.0,2,Global Investors
C1966,4,1210176.2,302544.05,1111.6475,62.0,Individual,M,Canada,British Columbia,Home,No,Agency,1.0,1,Corporate Investors
C1967,3,747143.37,249047.79,859.2633333333333,69.0,Individual,M,Usa,Oregon,Investment,No,Agency,4.0,1,Corporate Investors
C1968,3,987718.99,329239.66333333333,1072.7266666666667,68.0,Individual,F,Usa,California,Investment,Yes,Client,3.0,1,Corporate Investors
C1972,3,943260.84,314420.28,1077.3333333333333,54.0,Individual,F,Usa,California,Home,Yes,Website,4.0,1,Corporate Investors
C1974,4,968686.85,242171.7125,809.6575,76.0,Individual,M,Usa,Nevada,Home,Yes,Agency,5.0,1,Corporate Investors
C1975,3,985031.21,328343.73666666663,1023.88,51.0,Individual,F,Belgium,Wallonia,Home,No,Agency,4.0,1,Corporate Investors
C1976,4,1146120.65,286530.1625,1030.29,31.0,Individual,M,Usa,Florida,Home,No,Client,5.0,1,Corporate Investors
C1977,4,2001430.43,500357.6075,1577.2325,32.0,Individual,M,Usa,Virginia,Home,No,Website,1.0,2,Global Investors
C1978,3,1205900.67,401966.89,1290.0866666666668,59.0,Company,F,Usa,California,Investment,Yes,Website,5.0,2,Global Investors
C1980,4,1579565.09,394891.2725,1228.8325,70.0,Individual,F,Usa,Texas,Investment,No,Website,4.0,2,Global Investors
C1981,4,1440160.68,360040.17,1245.935,34.0,Individual,F,Canada,Quebec,Home,No,Agency,5.0,2,Global Investors
C1982,3,1545398.56,515132.8533333333,1669.3466666666666,79.0,Individual,M,Usa,California,Home,Yes,Website,4.0,2,Global Investors
C1985,4,1149379.86,287344.965,1014.73,63.0,Individual,M,Uk,Scotland,Home,Yes,Agency,1.0,1,Corporate Investors
C1991,4,1134341.88,283585.47,900.39,76.0,Individual,F,Usa,California,Home,No,Website,3.0,1,Corporate Investors
C1993,3,1385369.38,461789.7933333333,1454.41,41.0,Individual,M,Usa,New York,Home,No,Website,2.0,2,Global Investors
C1995,4,1044043.64,261010.91,905.7525,33.0,Individual,F,Usa,California,Investment,No,Agency,4.0,1,Corporate Investors
