age,satisfaction_score,total_properties_owned,total_investment_value,average_property_value,average_floor_area,client_type_corp,investment_purpose,loan_flag,investment_intensity,portfolio_size_score,investment_density,engagement_score
0.15846905508705764,0.6956248963363546,0.4382771650173578,-0.0574289566667744,-0.5360137199105478,-0.7562692835167611,0.0,-0.6738557951469003,1.296244877983732,-0.5360137199105478,-0.05742895666677441,0.6486157948139804,0.8307750940221916
0.6818250116943146,0.6956248963363546,1.6790949666393478,1.1583418785030253,-0.2452564906308813,-0.4263117778621179,0.0,-0.6738557951469003,1.296244877983732,-0.2452564906308805,1.1583418785030248,1.8585879899127515,1.5088779153959135
0.7981263353848161,-0.023551991653467837,1.6790949666393478,0.7264190956956706,-0.6611356248682677,-0.7309084540151141,0.0,-0.6738557951469003,1.296244877983732,-0.6611356248682677,0.7264190956956708,1.6982568067987125,0.6612493886787612
-0.24858557782969778,1.414801784326177,1.6790949666393478,1.625586914739569,0.20463286200703976,0.674068164269463,0.0,1.4839970320089038,-0.7714591717850942,0.2046328620070406,1.6255869147395687,1.1573184729872183,2.3565064421130657
0.5073730261585623,-1.4619057676331129,1.6790949666393478,2.5693677234919416,1.1133572018130722,1.126304431905141,0.0,-0.6738557951469003,1.296244877983732,1.1133572018130722,2.569367723491942,1.6681335828720698,-1.0340076647555436
-0.5393388870559517,-0.023551991653467837,0.4382771650173578,0.8261246018236101,0.5274040470599481,0.5624827371466602,0.0,-0.6738557951469003,1.296244877983732,0.5274040470599474,0.8261246018236109,0.4161726748744919,0.15267227264846966
1.84483824859933,1.414801784326177,0.4382771650173578,-0.7509227502523794,-1.3706814254458284,-1.3863558695927354,0.0,1.4839970320089038,-0.7714591717850942,-1.3706814254458284,-0.7509227502523796,0.37865857326590285,1.5088779153959135
-0.36488690152019937,-0.023551991653467837,1.6790949666393478,1.5020475808829579,0.08568236146938722,0.185833299384997,0.0,-0.6738557951469003,-0.7714591717850942,0.08568236146938722,1.5020475808829583,1.5280552381924841,0.6612493886787612
0.2166197169323084,-0.7427288796432903,0.4382771650173578,-0.6006391057918685,-1.189804673755259,-1.0676784874894378,0.0,-0.6738557951469003,1.296244877983732,-1.189804673755259,-0.6006391057918686,0.22689108750988712,-0.5254305487252522
0.7981263353848161,1.414801784326177,0.4382771650173578,1.486745403836942,1.3225068354993654,1.1025950569451002,0.0,-0.6738557951469003,1.296244877983732,1.3225068354993654,1.4867454038369425,0.6395776921443437,1.5088779153959135
1.9029889104445807,-0.023551991653467837,2.9199127682613377,1.9402807537784104,-0.3995161673495219,-0.5563388178135942,0.0,1.4839970320089038,-0.7714591717850942,-0.3995161673495219,1.9402807537784106,3.071941876407087,1.1698265047090526
0.7399756735395654,-0.023551991653467837,1.6790949666393478,0.561481364186019,-0.8199467913862114,-0.9140665429067627,0.0,-0.6738557951469003,1.296244877983732,-0.8199467913862114,0.5614813641860191,1.7268112234676243,0.6612493886787612
0.4492223643133115,0.6956248963363546,2.9199127682613377,1.8112379027593328,-0.5030574932869287,-0.44576026674374897,0.0,1.4839970320089038,-0.7714591717850942,-0.5030574932869295,1.811237902759334,2.7285007491157938,2.1869807367696352
0.15846905508705764,1.414801784326177,1.6790949666393478,0.737672220106271,-0.6503004945541685,-0.3724161254733418,0.0,-0.6738557951469003,1.296244877983732,-0.6503004945541685,0.7376722201062712,1.2522198128075597,2.3565064421130657
0.27477037877755917,0.6956248963363546,1.6790949666393478,1.825422413336929,0.3970455280081161,0.5713090170722553,0.0,-0.6738557951469003,-0.7714591717850942,0.3970455280081161,1.82542241333693,1.4698983112239068,1.5088779153959135
0.33292104062280997,-0.023551991653467837,1.6790949666393478,2.115316299714636,0.676171388662808,1.2968999083214776,0.0,-0.6738557951469003,-0.7714591717850942,0.6761713886628072,2.115316299714637,1.0790240248723448,0.6612493886787612
-0.13228425413919626,0.6956248963363546,0.4382771650173578,-0.27168385668833184,-0.7938842985008222,-0.8476660678382089,0.0,-0.6738557951469003,-0.7714591717850942,-0.7938842985008222,-0.2716838566883319,0.4536868871171242,0.8307750940221916
-0.24858557782969778,-1.4619057676331129,0.4382771650173578,-0.48362881104157207,-1.0489746978469294,-1.0676340338005654,0.0,-0.6738557951469003,1.296244877983732,-1.0489746978469294,-0.4836288110415722,0.40123028334560845,-1.203533370098974
0.33292104062280997,-0.023551991653467837,0.4382771650173578,-0.4100357087142819,-0.9604003134315338,-0.7579585236939085,0.0,1.4839970320089038,1.296244877983732,-0.9604003134315338,-0.41003570871428197,0.1622752010541864,0.15267227264846966
0.15846905508705764,-0.7427288796432903,1.6790949666393478,0.5777837915945342,-0.8042499129938422,-1.0679385415693408,0.0,1.4839970320089038,-0.7714591717850942,-0.8042499129938414,0.5777837915945336,1.983619069581442,-0.1863791380383913
1.7866875867540792,1.414801784326177,6.642366173127308,4.3333987437192425,-0.6313132016381379,-0.7134875472759367,0.0,-0.6738557951469003,-0.7714591717850942,-0.6313132016381379,4.333398743719243,6.61886629695774,5.747020548981674
1.7285369249088285,-0.023551991653467837,0.4382771650173578,0.01198199212101055,-0.45247284629409806,-0.5087733707202334,0.0,-0.6738557951469003,-0.7714591717850942,-0.45247284629409806,0.011981992121010551,0.46856949779305934,0.15267227264846966
0.2166197169323084,-0.7427288796432903,0.4382771650173578,0.6093854936284687,0.26654355225773885,0.15076378423363934,0.0,1.4839970320089038,-0.7714591717850942,0.26654355225773885,0.6093854936284688,0.5440473360546676,-0.5254305487252522
0.9725783209205685,0.6956248963363546,0.4382771650173578,-0.42748840351750467,-0.9814058377225241,-0.999164239515006,0.0,-0.6738557951469003,-0.7714591717850942,-0.9814058377225241,-0.4274884035175048,0.40374675734050713,0.8307750940221916
-0.13228425413919626,1.414801784326177,0.4382771650173578,-0.2561583105259589,-0.7751982307776649,-0.7298415654821788,0.0,-0.6738557951469003,1.296244877983732,-0.7751982307776649,-0.25615831052595894,0.34478107742502306,1.5088779153959135
0.3910717024680607,1.414801784326177,0.4382771650173578,0.917481339083811,0.6373581937004086,0.896129898977705,0.0,1.4839970320089038,-0.7714591717850942,0.6373581937004086,0.9174813390838111,0.24068370839460673,1.5088779153959135
2.1937422196708347,0.6956248963363546,1.6790949666393478,2.2110173742591495,0.7683176740901986,0.8452148664278154,0.0,-0.6738557951469003,1.296244877983732,0.7683176740901986,2.21101737425915,1.5910169754095607,1.5088779153959135
0.10031839324180684,-1.4619057676331129,1.6790949666393478,0.513208773914802,-0.8664263100606033,-1.0409729338994036,0.0,1.4839970320089038,1.296244877983732,-0.8664263100606033,0.5132087739148021,1.8458337987402085,-1.0340076647555436
-0.07413359229394548,1.414801784326177,0.4382771650173578,0.2618300674780784,-0.15176342146642294,-0.15355505636390543,0.0,-0.6738557951469003,-0.7714591717850942,-0.15176342146642294,0.26183006747807847,0.42422425921134105,1.5088779153959135
0.2166197169323084,1.414801784326177,0.4382771650173578,0.1188941499535551,-0.3237966760135627,-0.23289377757874247,0.0,-0.6738557951469003,-0.7714591717850942,-0.3237966760135627,0.11889414995355513,0.3258465364271067,1.5088779153959135
-0.19043491598444703,0.6956248963363546,0.4382771650173578,0.5351238377732335,0.17716451747004172,-0.25854355605805923,0.0,1.4839970320089038,-0.7714591717850942,0.17716451747004172,0.5351238377732336,0.8680983172799768,0.8307750940221916
-0.36488690152019937,-0.7427288796432903,1.6790949666393478,0.48546183824064293,-0.8931425937234092,-1.34335581634656,0.0,-0.6738557951469003,-0.7714591717850942,-0.8931425937234092,0.48546183824064304,2.301124522544395,-0.1863791380383913
0.04216773139655607,0.6956248963363546,1.6790949666393478,0.5065721986595443,-0.872816371620956,-0.8731691491442475,0.0,1.4839970320089038,-0.7714591717850942,-0.872816371620956,0.5065721986595443,1.5897434306681768,1.5088779153959135
1.0307289827658193,-0.7427288796432903,2.9199127682613377,2.87349944876102,0.34927929326682283,-0.10899393774349815,0.0,1.4839970320089038,-0.7714591717850942,0.34927929326682283,2.8734994487610206,3.5305367415407902,0.15267227264846966
0.33292104062280997,-1.4619057676331129,0.4382771650173578,0.4325747217132863,0.053739569477538135,0.1779138747123966,0.0,1.4839970320089038,-0.7714591717850942,0.053739569477538135,0.43257472171328637,0.317021897049238,-1.203533370098974
0.6818250116943146,1.414801784326177,1.6790949666393478,1.2990684089717923,-0.10975720699692314,-0.07097566123027757,0.0,1.4839970320089038,-0.7714591717850942,-0.10975720699692314,1.2990684089717925,1.586627694395175,2.3565064421130657
0.04216773139655607,-0.023551991653467837,0.4382771650173578,0.008919264092710696,-0.45615905113068694,-0.46973191846813617,0.0,-0.6738557951469003,-0.7714591717850942,-0.45615905113068694,0.008919264092710698,0.42371024297128873,0.15267227264846966
0.5073730261585623,-0.7427288796432903,1.6790949666393478,1.3667907646377984,-0.044550378915671374,0.18873167989947015,0.0,-0.6738557951469003,-0.7714591717850942,-0.044550378915671374,1.3667907646377986,1.3708517575010408,-0.1863791380383913
1.7285369249088285,0.6956248963363546,2.9199127682613377,2.151764193939539,-0.22982621060135267,0.21150234112949168,0.0,1.4839970320089038,-0.7714591717850942,-0.22982621060135267,2.1517641939395395,2.2359530590249617,2.1869807367696352
0.10031839324180684,-0.023551991653467837,0.4382771650173578,0.5370686647940753,0.17950525118988672,0.09081798478934379,0.0,-0.6738557951469003,-0.7714591717850942,0.17950525118988672,0.5370686647940754,0.5170794074047258,0.15267227264846966
1.1470303064563208,-0.023551991653467837,0.4382771650173578,-0.4143707523892119,-0.9656178380741712,-1.2432149914239305,0.0,-0.6738557951469003,-0.7714591717850942,-0.9656178380741712,-0.414370752389212,0.7265095706550836,0.15267227264846966
0.6818250116943146,-0.7427288796432903,1.6790949666393478,0.18097892007947297,-1.1863155807371988,-1.3472232872784502,0.0,1.4839970320089038,1.296244877983732,-1.1863155807371988,0.180978920079473,1.8206509570288913,-0.1863791380383913
1.0307289827658193,0.6956248963363546,0.4382771650173578,-0.9049517486114181,-1.5560659693817167,-1.480430988668739,0.0,-0.6738557951469003,-0.7714591717850942,-1.5560659693817167,-0.9049517486114184,0.2465994496192767,0.8307750940221916
0.6818250116943146,0.6956248963363546,1.6790949666393478,1.315484910304936,-0.09395049192331731,-0.22827059393602248,0.0,-0.6738557951469003,1.296244877983732,-0.09395049192331731,1.3154849103049362,1.7993729714572593,1.5088779153959135
2.1937422196708347,1.414801784326177,1.6790949666393478,2.1378164798382286,0.6978358060134391,0.5860943139911823,0.0,1.4839970320089038,1.296244877983732,0.6978358060134391,2.137816479838228,1.785573344332474,2.3565064421130657
0.6818250116943146,1.414801784326177,1.6790949666393478,-0.1782437091531854,-1.5321949878681438,-1.5230198452928463,0.0,1.4839970320089038,1.296244877983732,-1.5321949878681438,-0.17824370915318544,1.5214067980124357,2.3565064421130657
0.6236743498490638,-1.4619057676331129,1.6790949666393478,1.4916353668758848,0.07565690618172936,-0.16903160814479595,0.0,1.4839970320089038,1.296244877983732,0.07565690618172936,1.491635366875885,1.9401904198093591,-1.0340076647555436
-0.4230375633654501,1.414801784326177,1.6790949666393478,1.4394867551445703,0.025445339758816424,-0.04586821775520316,0.0,-0.6738557951469003,-0.7714591717850942,0.025445339758816424,1.4394867551445705,1.7242262882372166,2.3565064421130657
0.9144276590753176,0.6956248963363546,5.401548371505318,3.571550658347001,-0.5517852059483828,-0.5072952855652295,0.0,1.4839970320089038,-0.7714591717850942,-0.5517852059483828,3.5715506583470016,5.129067084901397,3.543186379517079
0.3910717024680607,0.6956248963363546,5.401548371505318,4.744146667872233,0.15386495980860693,-0.08101219283542095,0.0,1.4839970320089038,-0.7714591717850942,0.15386495980860693,4.744146667872234,5.729702730856876,3.543186379517079
1.321482291992073,1.414801784326177,0.4382771650173578,-0.14065375639990646,-0.6361805177671342,-0.6440792862252953,0.0,1.4839970320089038,-0.7714591717850942,-0.6361805177671342,-0.1406537563999065,0.40974796826929455,1.5088779153959135
-0.07413359229394548,-0.7427288796432903,1.6790949666393478,0.15707089006264058,-1.2093355537983477,-1.3512063378014079,0.0,1.4839970320089038,-0.7714591717850942,-1.2093355537983477,0.1570708900626406,1.788913631315031,-0.1863791380383913
-0.0159829304486947,-1.4619057676331129,1.6790949666393478,0.4740770494775594,-0.9041044977551724,-1.0011691008831467,0.0,-0.6738557951469003,-0.7714591717850942,-0.9041044977551733,0.4740770494775602,1.7281308500009869,-1.0340076647555436
1.84483824859933,-0.7427288796432903,0.4382771650173578,-0.13166583933611636,-0.6253629384570333,-0.4907696267269523,0.0,1.4839970320089038,-0.7714591717850942,-0.6253629384570333,-0.1316658393361164,0.26216326559503006,-0.5254305487252522
-0.4230375633654501,-0.023551991653467837,1.6790949666393478,1.194439195500811,-0.2104999981769337,-0.0205118336224437,0.0,-0.6738557951469003,1.296244877983732,-0.2104999981769337,1.1944391955008111,1.4034101672170096,0.6612493886787612
0.4492223643133115,-0.7427288796432903,0.4382771650173578,0.6308600638560729,0.29238968155985784,0.3940032563206444,0.0,-0.6738557951469003,-0.7714591717850942,0.29238968155985784,0.630860063856073,0.34938915733811504,-0.5254305487252522
0.9144276590753176,-0.023551991653467837,0.4382771650173578,-0.6371969108734743,-1.2338045185543074,-1.1003408353883597,0.0,1.4839970320089038,-0.7714591717850942,-1.2338045185543074,-0.6371969108734744,0.2095577039531013,0.15267227264846966
-0.48118822521070087,-0.023551991653467837,0.4382771650173578,0.5075548879115694,0.14398338111685555,-0.10007726865052916,0.0,1.4839970320089038,1.296244877983732,0.14398338111685555,0.5075548879115696,0.6685912934342263,0.15267227264846966
0.6818250116943146,0.6956248963363546,1.6790949666393478,1.2118735669416865,-0.19371322149042078,-0.04423232200470281,0.0,-0.6738557951469003,-0.7714591717850942,-0.19371322149042078,1.2118735669416867,1.451285169217919,1.5088779153959135
1.1470303064563208,1.414801784326177,6.642366173127308,3.717182338257424,-0.960939436551723,-0.9539573075812594,0.0,-0.6738557951469003,-0.7714591717850942,-0.960939436551723,3.7171823382574245,6.3606142941469574,5.747020548981674
0.8562769972300669,-0.023551991653467837,-0.8025406366046323,0.03077123694990828,1.0719498927134978,0.9032239668269093,0.0,-0.6738557951469003,1.296244877983732,1.0719498927134978,0.030771236949908288,-0.6546194535276894,-0.35590484338182177
0.9144276590753176,-0.023551991653467837,4.160730569883328,4.348423842209189,0.6087264360659131,0.7395814707186655,0.0,-0.6738557951469003,1.296244877983732,0.6087264360659131,4.34842384220919,3.903772454644703,1.678403620739344
0.6236743498490638,-0.023551991653467837,0.4382771650173578,0.6609088536017379,0.32855547658658774,0.7805725347541618,0.0,-0.6738557951469003,-0.7714591717850942,0.32855547658658774,0.660908853601738,0.06881319288882685,0.15267227264846966
-1.1789961673537102,1.414801784326177,0.4382771650173578,0.03635438011579036,-0.42313899305103025,-0.37025567619414756,0.0,1.4839970320089038,1.296244877983732,-0.42313899305103025,0.03635438011579037,0.35756117970062606,1.5088779153959135
-0.6556402107464532,-0.023551991653467837,-0.8025406366046323,-1.1756084499149437,-0.8639985364400808,-1.2634784646015536,0.0,1.4839970320089038,-0.7714591717850942,-0.8639985364400808,-1.175608449914944,-0.43856506905526255,-0.35590484338182177
0.5073730261585623,1.414801784326177,0.4382771650173578,0.9961596875165957,0.7320530232275186,0.7084575379810744,0.0,-0.6738557951469003,-0.7714591717850942,0.7320530232275186,0.9961596875165958,0.471803734687732,1.5088779153959135
1.1470303064563208,1.414801784326177,4.160730569883328,2.942127418287674,-0.3584592384863195,0.030856309027593086,0.0,-0.6738557951469003,1.296244877983732,-0.35845923848632033,2.9421274182876744,3.395840827254206,4.0517634955473705
-0.8882428581274563,-0.7427288796432903,5.401548371505318,2.536008122050485,-1.1749587085444837,-0.9178139888786979,0.0,1.4839970320089038,-0.7714591717850942,-1.1749587085444837,2.5360081220504855,4.570399556759473,0.8307750940221916
-0.0159829304486947,-1.4619057676331129,5.401548371505318,5.324062323038142,0.5028492432862415,0.41313501266906055,0.0,1.4839970320089038,1.296244877983732,0.5028492432862415,5.3240623230381425,5.459096032516099,-0.5254305487252522
1.4959342775278255,0.6956248963363546,4.160730569883328,3.593016052234742,0.08919187672238268,-0.07430841779030414,0.0,-0.6738557951469003,1.296244877983732,0.08919187672238268,3.5930160522347427,4.3377125412566,2.865083558143357
-0.6556402107464532,-1.4619057676331129,5.401548371505318,4.127691237813268,-0.2171083957795903,-0.23888946886539336,0.0,-0.6738557951469003,-0.7714591717850942,-0.2171083957795903,4.127691237813269,5.293953625840516,-0.5254305487252522
1.7866875867540792,1.414801784326177,4.160730569883328,4.764350300370056,0.8947814278568127,0.4887801086281325,0.0,-0.6738557951469003,1.296244877983732,0.8947814278568127,4.764350300370057,4.723099808799713,4.0517634955473705
0.7399756735395654,-0.7427288796432903,4.160730569883328,2.7655260017813257,-0.47991752938794374,-0.5748950576542878,0.0,-0.6738557951469003,-0.7714591717850942,-0.47991752938794374,2.765526001781326,4.199311050571186,0.4917236833353306
-0.36488690152019937,-0.023551991653467837,5.401548371505318,2.657835467516272,-1.1016448938774235,-1.0675951368228018,0.0,-0.6738557951469003,-0.7714591717850942,-1.1016448938774241,2.6578354675162736,5.08311883738534,2.1869807367696352
-0.7719415344369548,-0.7427288796432903,4.160730569883328,4.790916244035524,0.9130522559035423,0.6699669939446451,0.0,1.4839970320089038,1.296244877983732,0.9130522559035432,4.7909162440355235,4.465482685474503,0.4917236833353306
0.15846905508705764,0.6956248963363546,4.160730569883328,1.9567146696351287,-1.0361805764672476,-0.8503491654880011,0.0,1.4839970320089038,1.296244877983732,-1.0361805764672476,1.9567146696351283,3.6092794201613243,2.865083558143357
1.5540849393730762,0.6956248963363546,5.401548371505318,4.425209783096134,-0.038066330917339526,-0.3162444442143042,0.0,-0.6738557951469003,-0.7714591717850942,-0.038066330917339526,4.425209783096135,5.824113398873928,3.543186379517079
1.5540849393730762,-1.4619057676331129,0.4382771650173578,-0.5716714237420688,-1.154940066552112,-1.0371165763897319,0.0,-0.6738557951469003,-0.7714591717850942,-1.1549400665521128,-0.5716714237420683,0.23510911380223376,-1.203533370098974
-1.4697494765799641,-1.4619057676331129,-0.8025406366046323,-0.7243762733270694,-0.13987972628416254,-0.4651198482476345,0.0,-0.6738557951469003,-0.7714591717850942,-0.13987972628416337,-0.7243762733270692,-0.5328026203874253,-1.3730590754424046
1.379632953837324,1.414801784326177,-0.8025406366046323,-0.9731037797951214,-0.5390273832589744,-0.4946963692440049,0.0,-0.6738557951469003,-0.7714591717850942,-0.5390273832589744,-0.9731037797951216,-0.8329350710356305,0.6612493886787612
0.7981263353848161,-1.4619057676331129,-0.8025406366046323,-1.2116653089286673,-0.9218610985570195,-1.3450954373710957,0.0,-0.6738557951469003,1.296244877983732,-0.9218610985570195,-1.2116653089286675,-0.41057799429778136,-1.3730590754424046
-1.6442014621157164,0.6956248963363546,-0.8025406366046323,-0.684551925793103,-0.07597125377762515,-0.19444133670420294,0.0,1.4839970320089038,-0.7714591717850942,-0.07597125377762515,-0.6845519257931031,-0.6966505440560423,0.15267227264846966
-0.7719415344369548,-0.023551991653467837,0.4382771650173578,-0.08184977697291039,-0.5654058647873221,-0.5996255973529957,0.0,-0.6738557951469003,-0.7714591717850942,-0.5654058647873221,-0.0818497769729104,0.4410298525787731,0.15267227264846966
1.1470303064563208,-1.4619057676331129,-0.8025406366046323,-0.6025916139662065,0.05555527859177569,-0.2332049534008483,0.0,1.4839970320089038,-0.7714591717850942,0.05555527859177569,-0.6025916139662066,-0.565908774877608,-1.3730590754424046
0.8562769972300669,-0.023551991653467837,-0.8025406366046323,-0.1254567114776936,0.8212417163065249,1.6157128741758362,0.0,1.4839970320089038,-0.7714591717850942,0.8212417163065249,-0.12545671147769363,-1.191611512569896,-0.35590484338182177
-0.13228425413919626,-0.023551991653467837,0.4382771650173578,-0.8707600612977413,-1.5149139108305774,-1.4069045872739556,0.0,1.4839970320089038,1.296244877983732,-1.5149139108305774,-0.8707600612977414,0.2102163122679411,0.15267227264846966
0.7399756735395654,-0.7427288796432903,-0.8025406366046323,0.8938798809070823,2.4570310919835228,1.979670042869643,0.0,-0.6738557951469003,-0.7714591717850942,2.4570310919835228,0.8938798809070825,-0.48837799009913535,-0.8644819594121131
0.5073730261585623,-0.023551991653467837,0.4382771650173578,0.030364194449383028,-0.4303485954615432,-0.5216982807598547,0.0,-0.6738557951469003,1.296244877983732,-0.4303485954615432,0.030364194449383035,0.5064066555200908,0.15267227264846966
-1.5279001384252149,0.6956248963363546,0.4382771650173578,-0.47068140593751984,-1.0333916010538633,-1.0655447104235674,0.0,-0.6738557951469003,1.296244877983732,-1.0333916010538633,-0.4706814059375199,0.41804312028652957,0.8307750940221916
-0.48118822521070087,-1.4619057676331129,-0.8025406366046323,-1.2500531634893723,-0.9834643463110561,-0.8042570406544083,0.0,-0.6738557951469003,1.296244877983732,-0.9834643463110561,-1.2500531634893726,-0.964495231795842,-1.3730590754424046
1.2633316301468223,1.414801784326177,0.4382771650173578,0.006547018992412993,-0.45901421204654075,-0.2752803699184795,0.0,-0.6738557951469003,-0.7714591717850942,-0.45901421204654075,0.006547018992412994,0.2270939894559646,1.5088779153959135
-0.07413359229394548,-0.023551991653467837,-0.8025406366046323,0.16160403127257886,1.281904971871858,1.3135611509108158,0.0,-0.6738557951469003,-0.7714591717850942,1.281904971871858,0.16160403127257889,-0.7709118933078992,-0.35590484338182177
-0.7719415344369548,1.414801784326177,-0.8025406366046323,0.3693986414433489,1.6153652029473078,2.116557768803743,0.0,-0.6738557951469003,1.296244877983732,1.6153652029473078,0.36939864144334894,-1.0006823973256092,0.6612493886787612
-0.6556402107464532,0.6956248963363546,-0.8025406366046323,-0.412263067323828,0.3609866903664297,-0.12820534028447617,0.0,-0.6738557951469003,1.296244877983732,0.3609866903664297,-0.4122630673238281,-0.4162452726800418,0.15267227264846966
-0.4230375633654501,-0.7427288796432903,0.4382771650173578,0.3413260189974848,-0.05608455012284429,0.587954700870488,0.0,-0.6738557951469003,-0.7714591717850942,-0.05608455012284511,0.34132601899748555,-0.11866246686410098,-0.5254305487252522
-1.5860508002704656,-1.4619057676331129,-0.8025406366046323,-0.6441061963952179,-0.011065613251386695,-0.2621739406492958,0.0,-0.6738557951469003,-0.7714591717850942,-0.011065613251386695,-0.644106196395218,-0.5946598078379332,-1.3730590754424046
-0.19043491598444703,0.6956248963363546,-0.8025406366046323,0.2586703868749269,1.4376730610547788,1.2680257556092913,0.0,1.4839970320089038,-0.7714591717850942,1.4376730610547788,0.2586703868749269,-0.6531494148771765,0.15267227264846966
0.15846905508705764,0.6956248963363546,-0.8025406366046323,-0.6755275379088969,-0.06148928782716646,0.3141533176837769,0.0,-0.6738557951469003,1.296244877983732,-0.06148928782716646,-0.675527537908897,-1.0336281596799481,0.15267227264846966
0.15846905508705764,0.6956248963363546,0.4382771650173578,-0.36165306099946254,-0.9021684533494794,-0.5631624590554926,0.0,1.4839970320089038,-0.7714591717850942,-0.9021684533494794,-0.3616530609994626,0.031339565272191255,0.8307750940221916
-0.30673623967494856,1.414801784326177,-0.8025406366046323,-2.3534276731348,-2.7541143099783123,-2.62276854504244,0.0,-0.6738557951469003,-0.7714591717850942,-2.7541143099783123,-2.3534276731348,-1.1290175746241964,0.6612493886787612
0.565523688003813,-0.023551991653467837,0.4382771650173578,1.2393325179945078,1.0247283295400675,0.44141311550295176,0.0,1.4839970320089038,1.296244877983732,1.0247283295400675,1.2393325179945078,0.9701082509856848,0.15267227264846966
-1.1208455055084594,-1.4619057676331129,-0.8025406366046323,-0.34044595322736804,0.47623583682935455,0.5659241935601904,0.0,-0.6738557951469003,1.296244877983732,0.47623583682935455,-0.3404459532273681,-0.8267485130194971,-1.3730590754424046
1.4377836156825747,-0.023551991653467837,0.4382771650173578,-0.6132041829465286,-1.2049276124398707,-1.480697710801973,0.0,1.4839970320089038,-0.7714591717850942,-1.2049276124398707,-0.6132041829465287,0.73097158861282,0.15267227264846966
-0.5974895489012024,-0.7427288796432903,-0.8025406366046323,-0.8713506892302959,-0.3757382148608958,-0.610112963452786,0.0,1.4839970320089038,1.296244877983732,-0.3757382148608958,-0.8713506892302961,-0.6052630902863859,-0.8644819594121131
-1.237146829198961,-0.7427288796432903,0.4382771650173578,-0.40630196449813727,-0.9559064942412682,-0.8080133773641178,0.0,-0.6738557951469003,1.296244877983732,-0.9559064942412682,-0.4063019644981373,0.22047298649882346,-0.5254305487252522
1.321482291992073,0.6956248963363546,0.4382771650173578,0.14113850662140018,-0.29702405553333805,-0.2573433064585072,0.0,-0.6738557951469003,1.296244877983732,-0.29702405553333805,0.1411385066214002,0.3772550894525754,0.8307750940221916
0.10031839324180684,-0.7427288796432903,-0.8025406366046323,-0.6369005707989053,0.0004976778966131111,-0.3437168239373846,0.0,-0.6738557951469003,-0.7714591717850942,0.0004976778966131111,-0.6369005707989054,-0.5205235188817824,-0.8644819594121131
-1.2952974910442117,1.414801784326177,0.4382771650173578,0.5078677336709413,0.14435991260794673,0.42039763408857234,0.0,-0.6738557951469003,1.296244877983732,0.14435991260794673,0.5078677336709413,0.1925884116275137,1.5088779153959135
1.2051809683015715,-0.7427288796432903,-0.8025406366046323,0.22602501543907547,1.3852851136792592,1.3953114847469752,0.0,-0.6738557951469003,-0.7714591717850942,1.3852851136792592,0.2260250154390755,-0.7567453475875568,-0.8644819594121131
0.9144276590753176,-0.7427288796432903,-0.8025406366046323,0.516528967172115,1.8514738891899412,2.3616754092456045,0.0,1.4839970320089038,1.296244877983732,1.8514738891899412,0.5165289671721152,-0.9933648328235674,-0.8644819594121131
0.5073730261585623,-0.7427288796432903,0.4382771650173578,-0.43317588723793693,-0.9882511174223726,-1.028970437903883,0.0,-0.6738557951469003,1.296244877983732,-0.9882511174223726,-0.433175887237937,0.430345022087853,-0.5254305487252522
-1.6442014621157164,-0.023551991653467837,0.4382771650173578,1.209936186535302,0.9893478131502247,1.1965257015322686,0.0,1.4839970320089038,-0.7714591717850942,0.9893478131502247,1.2099361865353022,0.2996823862149001,0.15267227264846966
-1.1208455055084594,1.414801784326177,-0.8025406366046323,-0.27877426498220526,0.5752040217892262,0.23095083001112274,0.0,-0.6738557951469003,-0.7714591717850942,0.5752040217892262,-0.2787742649822053,-0.5331284675302287,0.6612493886787612
-1.5279001384252149,0.6956248963363546,0.4382771650173578,0.28712211235840907,-0.12132269760729145,0.1972067756829743,0.0,1.4839970320089038,-0.7714591717850942,-0.12132269760729145,0.2871221123584091,0.13458856984184234,0.8307750940221916
0.5073730261585623,-0.7427288796432903,-0.8025406366046323,-0.14938743314645672,0.7828386799096232,0.8142276817045657,0.0,-0.6738557951469003,-0.7714591717850942,0.7828386799096232,-0.14938743314645675,-0.781876543111408,-0.8644819594121131
1.0307289827658193,-0.7427288796432903,-0.8025406366046323,0.16462685834703183,1.2867558802468135,1.6433778865506974,0.0,-0.6738557951469003,-0.7714591717850942,1.2867558802468142,0.16462685834703117,-0.9454663937759124,-0.8644819594121131
1.4959342775278255,-1.4619057676331129,0.4382771650173578,0.5173488863317383,0.1557711350448499,-0.31094334181628197,0.0,-0.6738557951469003,-0.7714591717850942,0.1557711350448499,0.5173488863317384,0.9031706692850264,-1.203533370098974
-1.2952974910442117,0.6956248963363546,0.4382771650173578,0.9220996765993184,0.6429166820576373,0.6459889916932754,0.0,1.4839970320089038,-0.7714591717850942,0.6429166820576373,0.9220996765993185,0.44698359732962734,0.8307750940221916
0.2166197169323084,-0.023551991653467837,-0.8025406366046323,0.2463313760355613,1.417871924719453,1.1551578395625222,0.0,-0.6738557951469003,-0.7714591717850942,1.417871924719453,0.24633137603556132,-0.5975491925769686,-0.35590484338182177
-0.7719415344369548,-1.4619057676331129,-0.8025406366046323,-0.36200504546080753,0.4416386936598003,0.37346935653571495,0.0,-0.6738557951469003,1.296244877983732,0.44163869365980113,-0.36200504546080825,-0.7251190846526001,-1.3730590754424046
-0.07413359229394548,-0.023551991653467837,0.4382771650173578,-0.011358130932577006,-0.4805642973441849,-0.3751011282812279,0.0,-0.6738557951469003,-0.7714591717850942,-0.4805642973441849,-0.011358130932577008,0.3016677911070715,0.15267227264846966
-0.36488690152019937,1.414801784326177,0.4382771650173578,-0.2600207287218502,-0.7798469179947688,-0.9124239791029312,0.0,-0.6738557951469003,-0.7714591717850942,-0.7798469179947688,-0.2600207287218503,0.5451264824295584,1.5088779153959135
0.6818250116943146,1.414801784326177,-0.8025406366046323,-1.235425227542974,-0.9599900372477262,-1.227130165000304,0.0,-0.6738557951469003,1.296244877983732,-0.9599900372477262,-1.2354252275429742,-0.5683560571411437,0.6612493886787612
0.6818250116943146,0.6956248963363546,-0.8025406366046323,-0.6466736952446878,-0.015185829646443686,0.588640028573936,0.0,-0.6738557951469003,-0.7714591717850942,-0.015185829646443686,-0.6466736952446879,-1.165198157074637,0.15267227264846966
0.7981263353848161,1.414801784326177,0.4382771650173578,0.7410251901941513,0.4249810242381939,0.3915138497437959,0.0,1.4839970320089038,1.296244877983732,0.4249810242381939,0.7410251901941514,0.47233423827474097,1.5088779153959135
-1.004544181817958,-1.4619057676331129,0.4382771650173578,0.39093366410800917,0.003621678980269023,-0.3489845860687519,0.0,-0.6738557951469003,-0.7714591717850942,0.003621678980269023,0.3909336641080093,0.7853687527985216,-1.203533370098974
-0.07413359229394548,0.6956248963363546,-0.8025406366046323,-0.26318471897982576,0.6002214830604424,0.8437597490120627,0.0,1.4839970320089038,1.296244877983732,0.6002214830604424,-0.2631847189798258,-0.9151534049371165,0.15267227264846966
-1.237146829198961,-0.023551991653467837,-0.8025406366046323,0.3605339746440511,1.6011395508147936,1.828438593326081,0.0,-0.6738557951469003,-0.7714591717850942,1.6011395508147936,0.3605339746440512,-0.8671808585445618,-0.35590484338182177
1.08887964461107,-0.7427288796432903,0.4382771650173578,1.0749103912426168,0.8268349373502625,0.7059792448264431,0.0,-0.6738557951469003,-0.7714591717850942,0.8268349373502625,1.074910391242617,0.5555764152096617,-0.5254305487252522
-0.19043491598444703,-1.4619057676331129,-0.8025406366046323,-0.5138383772978153,0.19798281693751793,0.1613808069259735,0.0,-0.6738557951469003,-0.7714591717850942,0.19798281693751793,-0.5138383772978155,-0.7511042212953711,-1.3730590754424046
-1.4115988147347134,1.414801784326177,0.4382771650173578,2.3298557542241007,2.337248406627542,2.5429612569409143,0.0,-0.6738557951469003,1.296244877983732,2.337248406627542,2.329855754224101,0.35671857491816,1.5088779153959135
-0.7719415344369548,-0.023551991653467837,-0.8025406366046323,0.15062877698730145,1.2642923358796503,1.386554108039132,0.0,-0.6738557951469003,1.296244877983732,1.2642923358796503,0.15062877698730145,-0.8218842606533391,-0.35590484338182177
-1.237146829198961,-0.7427288796432903,0.4382771650173578,1.27647954377444,1.0694373421685544,0.7457097292560609,0.0,1.4839970320089038,-0.7714591717850942,1.0694373421685544,1.2764795437744403,0.729693800033519,-0.5254305487252522
0.7399756735395654,0.6956248963363546,0.4382771650173578,0.16306934323013986,-0.2706287781105325,-0.5595950505234895,0.0,1.4839970320089038,1.296244877983732,-0.2706287781105325,0.16306934323013988,0.7229784888784474,0.8307750940221916
0.565523688003813,-1.4619057676331129,0.4382771650173578,-0.43972172520285147,-0.9961294857733455,-0.9808937733884908,0.0,-0.6738557951469003,-0.7714591717850942,-0.9961294857733455,-0.4397217252028515,0.36469316852592365,-1.203533370098974
-1.5860508002704656,-0.023551991653467837,-0.8025406366046323,-1.454995251244689,-1.3123469669132453,-1.0284073578448338,0.0,-0.6738557951469003,-0.7714591717850942,-1.3123469669132453,-1.4549952512446893,-1.078655400997118,-0.35590484338182177
1.2051809683015715,-0.023551991653467837,0.4382771650173578,0.5256679566937854,0.16578371112772347,-0.4712989110008846,0.0,1.4839970320089038,-0.7714591717850942,0.16578371112772347,0.5256679566937855,1.096906024109182,0.15267227264846966
0.4492223643133115,1.414801784326177,0.4382771650173578,0.8281303796769645,0.5298181393188222,0.07168067172981854,0.0,1.4839970320089038,-0.7714591717850942,0.5298181393188222,0.8281303796769646,0.8739908909865589,1.5088779153959135
-0.6556402107464532,0.6956248963363546,0.4382771650173578,1.2113999739891157,0.9911095825081724,0.6181832093036514,0.0,1.4839970320089038,-0.7714591717850942,0.9911095825081724,1.211399973989116,0.7751997608339356,0.8307750940221916
0.4492223643133115,1.414801784326177,-0.8025406366046323,-0.2683729570404011,0.5918956123310128,0.5230412016947127,0.0,-0.6738557951469003,-0.7714591717850942,0.5918956123310136,-0.2683729570404018,-0.7223665098229475,0.6612493886787612
-1.237146829198961,-0.7427288796432903,-0.8025406366046323,-0.5861867223154459,0.08188117297438141,0.23232889436616377,0.0,-0.6738557951469003,-0.7714591717850942,0.08188117297438141,-0.586186722315446,-0.8812169802005717,-0.8644819594121131
-0.30673623967494856,-0.023551991653467837,0.4382771650173578,-0.8853893458436082,-1.5325212657607326,-1.501868780127406,0.0,-0.6738557951469003,-0.7714591717850942,-1.5325212657607326,-0.8853893458436084,0.30676618099881875,0.15267227264846966
-1.004544181817958,-0.023551991653467837,-0.8025406366046323,-0.866985888414914,-0.368733762304117,-0.42081433833824344,0.0,-0.6738557951469003,-0.7714591717850942,-0.368733762304117,-0.8669858884149141,-0.7526411056710963,-0.35590484338182177
1.1470303064563208,-1.4619057676331129,-0.8025406366046323,-0.49301142798901115,0.23140504729952385,0.6868234093965537,0.0,1.4839970320089038,-0.7714591717850942,0.23140504729952302,-0.49301142798901054,-1.0600476964039067,-1.3730590754424046
1.321482291992073,-0.7427288796432903,0.4382771650173578,2.0864389151944835,2.0442794191604294,2.3221375574677663,0.0,-0.6738557951469003,1.296244877983732,2.0442794191604294,2.086438915194484,0.30023900315889185,-0.5254305487252522
0.7399756735395654,-1.4619057676331129,0.4382771650173578,0.5922662547025853,0.24593936515910753,0.3048958369761206,0.0,-0.6738557951469003,1.296244877983732,0.24593936515910753,0.5922662547025854,0.3844473851926896,-1.203533370098974
-1.7023521239609671,0.6956248963363546,-0.8025406366046323,-0.4007217530702307,0.3795077160790603,0.03825890664599421,0.0,-0.6738557951469003,-0.7714591717850942,0.3795077160790603,-0.4007217530702308,-0.5313980033864828,0.15267227264846966
1.5540849393730762,-0.7427288796432903,0.4382771650173578,0.6630176820449319,0.33109359735180416,0.47907650340000796,0.0,-0.6738557951469003,-0.7714591717850942,0.33109359735180416,0.663017682044932,0.31189625284105904,-0.5254305487252522
0.5073730261585623,1.414801784326177,-0.8025406366046323,-0.9237716594195398,-0.4598612285335737,0.04874997721985748,0.0,1.4839970320089038,-0.7714591717850942,-0.4598612285335737,-0.9237716594195395,-1.1507550826759418,0.6612493886787612
-1.237146829198961,0.6956248963363546,0.4382771650173578,0.6690197412501411,0.3383174903868042,-0.07910624092502196,0.0,-0.6738557951469003,1.296244877983732,0.3383174903868042,0.6690197412501412,0.8410472186558712,0.8307750940221916
0.9725783209205685,-0.7427288796432903,0.4382771650173578,0.9384072638666705,0.6625439902947903,0.7981761955475926,0.0,-0.6738557951469003,1.296244877983732,0.6625439902947903,0.9384072638666707,0.3389203101751263,-0.5254305487252522
-1.2952974910442117,0.6956248963363546,0.4382771650173578,-1.024723242139229,-1.700219238835672,-1.8621659284373937,0.0,1.4839970320089038,1.296244877983732,-1.700219238835672,-1.0247232421392292,0.5687969395677253,0.8307750940221916
0.565523688003813,1.414801784326177,-0.8025406366046323,-1.1358732565328138,-0.8002331348440367,0.1521344396405345,0.0,-0.6738557951469003,1.296244877983732,-0.8002331348440367,-1.135873256532814,-1.4576844499966715,0.6612493886787612
-0.24858557782969778,-1.4619057676331129,-0.8025406366046323,-0.8391049723152717,-0.3239916165981174,-0.7696720707117594,0.0,1.4839970320089038,1.296244877983732,-0.3239916165981174,-0.8391049723152718,-0.42121698216882264,-1.3730590754424046
-0.8300921962822055,-0.023551991653467837,0.4382771650173578,-0.8744869745644026,-1.5193995085010765,-1.5307747913166185,0.0,1.4839970320089038,-0.7714591717850942,-1.5193995085010765,-0.8744869745644028,0.36299646166114996,0.15267227264846966
0.10031839324180684,0.6956248963363546,-0.8025406366046323,0.06828892236208946,1.1321567288613685,0.5479500853594907,0.0,1.4839970320089038,-0.7714591717850942,1.1321567288613676,0.06828892236209015,-0.37956211313545984,0.15267227264846966
0.27477037877755917,1.414801784326177,-0.8025406366046323,-0.6782297794357229,-0.06582573372062214,-0.39827631807998687,0.0,-0.6738557951469003,-0.7714591717850942,-0.06582573372062131,-0.6782297794357234,-0.5285446458160493,0.6612493886787612
-1.004544181817958,0.6956248963363546,0.4382771650173578,1.0267044686929638,0.7688157782173501,0.6407323429841254,0.0,-0.6738557951469003,-0.7714591717850942,0.7688157782173501,1.026704468692964,0.5611571077851651,0.8307750940221916
-0.7719415344369548,0.6956248963363546,0.4382771650173578,-0.10934191529961441,-0.5984945531500047,-0.27099058894230293,0.0,-0.6738557951469003,-0.7714591717850942,-0.5984945531500047,-0.10934191529961444,0.07859791862948959,0.8307750940221916
-0.30673623967494856,-1.4619057676331129,-0.8025406366046323,-1.5672029487477142,-1.492413257887073,-1.7812453967935176,0.0,1.4839970320089038,-0.7714591717850942,-1.4924132578870726,-1.5672029487477146,-0.5323325327701116,-1.3730590754424046
-0.36488690152019937,-0.023551991653467837,-0.8025406366046323,0.15873479795066547,1.2773005444242527,1.1515719086601568,0.0,-0.6738557951469003,-0.7714591717850942,1.2773005444242527,0.1587347979506655,-0.6798018210960455,-0.35590484338182177
-0.713790872591704,-0.7427288796432903,-0.8025406366046323,-1.082884965727921,-0.7151997084160288,-1.2014211149358232,0.0,-0.6738557951469003,-0.7714591717850942,-0.7151997084160288,-1.0828849657279211,-0.3584187153486563,-0.8644819594121131
1.7866875867540792,-0.023551991653467837,0.4382771650173578,1.4739980898497214,1.3071645621930104,1.2333555827629692,0.0,-0.6738557951469003,-0.7714591717850942,1.3071645621930104,1.4739980898497216,0.5236609381332539,0.15267227264846966
0.5073730261585623,0.6956248963363546,0.4382771650173578,0.4274342416643322,0.04755264649784342,-0.04120947116138616,0.0,-0.6738557951469003,-0.7714591717850942,0.04755264649784342,0.42743424166433225,0.5145028105460961,0.8307750940221916
-0.5393388870559517,1.414801784326177,0.4382771650173578,0.11602330417575502,-0.32725193730135715,-0.27099058894230293,0.0,-0.6738557951469003,1.296244877983732,-0.32725193730135715,0.11602330417575504,0.35940987437278576,1.5088779153959135
1.379632953837324,-0.7427288796432903,-0.8025406366046323,0.2592258339517749,1.4385644196441267,1.4131374139847672,0.0,-0.6738557951469003,-0.7714591717850942,1.4385644196441267,0.25922583395177495,-0.7359801392280265,-0.8644819594121131
0.5073730261585623,-0.023551991653467837,0.4382771650173578,-0.27072031168528704,-0.7927246055023988,-0.7270965501943145,0.0,-0.6738557951469003,1.296244877983732,-0.7927246055023988,-0.2707203116852871,0.3217915937924583,0.15267227264846966
-1.3534481528894624,1.414801784326177,-0.8025406366046323,-0.018344667749976767,0.993130711998256,0.7833027321457358,0.0,-0.6738557951469003,-0.7714591717850942,0.9931307119982544,-0.018344667749976087,-0.6287249934285025,0.6612493886787612
-1.5860508002704656,-1.4619057676331129,-0.8025406366046323,-0.6810929440600271,-0.07042042237228047,-0.20537694416678878,0.0,-0.6738557951469003,-0.7714591717850942,-0.07042042237228047,-0.6810929440600272,-0.6841494698318044,-1.3730590754424046
0.33292104062280997,-0.7427288796432903,-0.8025406366046323,-0.027619748548472076,0.9782464443853081,1.32584518693586,0.0,-0.6738557951469003,-0.7714591717850942,0.9782464443853081,-0.02761974854847208,-0.9552979609243865,-0.8644819594121131
1.0307289827658193,0.6956248963363546,-0.8025406366046323,-1.1026349117740268,-0.746893608305202,-1.2439040236014511,0.0,-0.6738557951469003,1.296244877983732,-0.746893608305202,-1.1026349117740275,-0.34488378719771506,0.15267227264846966
-1.3534481528894624,0.6956248963363546,0.4382771650173578,0.5589736141564914,0.20586937152276377,0.27821251023052257,0.0,-0.6738557951469003,1.296244877983732,0.20586937152276377,0.5589736141564914,0.3708373716760086,0.8307750940221916
-1.4115988147347134,-0.023551991653467837,0.4382771650173578,0.6964365045934938,0.3713154597481193,0.9805363407239837,0.0,-0.6738557951469003,1.296244877983732,0.3713154597481193,0.6964365045934939,-0.04259070069786412,0.15267227264846966
-0.19043491598444703,-0.7427288796432903,-0.8025406366046323,-0.9827521881074238,-0.5545107514882394,-0.5374756358354483,0.0,-0.6738557951469003,-0.7714591717850942,-0.5545107514882394,-0.982752188107424,-0.8123234990776921,-0.8644819594121131
0.10031839324180684,1.414801784326177,0.4382771650173578,0.8161897040763375,0.5154467110547188,0.41167359764738415,0.0,-0.6738557951469003,1.296244877983732,0.5154467110547188,0.8161897040763376,0.536688621426279,1.5088779153959135
0.10031839324180684,-0.7427288796432903,0.4382771650173578,1.9663399465348042,1.8997320107545976,1.9446812852530713,0.0,1.4839970320089038,1.296244877983732,1.8997320107545976,1.9663399465348046,0.4488284347793902,-0.5254305487252522
-0.07413359229394548,-0.7427288796432903,0.4382771650173578,0.17954318935808486,-0.25080136584508184,-0.39896164578343496,0.0,-0.6738557951469003,1.296244877983732,-0.25080136584508184,0.1795431893580849,0.5697396809337759,-0.5254305487252522
-1.1208455055084594,-1.4619057676331129,-0.8025406366046323,-1.786368363291423,-1.8441208874421933,-1.567215702769686,0.0,-0.6738557951469003,-0.7714591717850942,-1.8441208874421933,-1.7863683632914231,-1.1377922018749667,-1.3730590754424046
-0.6556402107464532,-1.4619057676331129,0.4382771650173578,0.5637370727017892,0.21160252306815736,0.47907650340000796,0.0,1.4839970320089038,1.296244877983732,0.21160252306815736,0.5637370727017893,0.20473210246067877,-1.203533370098974
0.8562769972300669,-0.7427288796432903,-0.8025406366046323,0.02044943774200143,1.0553858945128014,1.195625514332605,0.0,-0.6738557951469003,-0.7714591717850942,1.0553858945128014,0.020449437742001433,-0.8381460641609539,-0.8644819594121131
-0.5393388870559517,-1.4619057676331129,0.4382771650173578,0.7607746378448013,0.44875084930170017,0.37898902290402603,0.0,1.4839970320089038,-0.7714591717850942,0.44875084930170017,0.7607746378448014,0.5051420436689411,-1.203533370098974
-1.4115988147347134,-0.7427288796432903,0.4382771650173578,0.46713786022846526,0.09533869521939149,-0.23126010451268517,0.0,-0.6738557951469003,1.296244877983732,0.09533869521939149,0.4671378602284653,0.7546698422263473,-0.5254305487252522
0.9144276590753176,-0.7427288796432903,-0.8025406366046323,-0.7085963402605574,-0.11455673969471417,0.4653403135384667,0.0,-0.6738557951469003,-0.7714591717850942,-0.11455673969471417,-0.7085963402605575,-1.1606727833777675,-0.8644819594121131
-0.5393388870559517,-0.7427288796432903,-0.8025406366046323,-0.9507243579587424,-0.5031138089330526,-0.46200809002657434,0.0,1.4839970320089038,-0.7714591717850942,-0.5031138089330526,-0.9507243579587427,-0.8289657865672335,-0.8644819594121131
0.565523688003813,0.6956248963363546,-0.8025406366046323,-0.837508699622343,-0.3214299839330255,-0.3624170090563331,0.0,1.4839970320089038,-0.7714591717850942,-0.3214299839330255,-0.8375086996223431,-0.7600202517362983,0.15267227264846966
0.4492223643133115,-1.4619057676331129,0.4382771650173578,-0.4122809509254785,-0.9631026175936244,-1.4034816532307886,0.0,-0.6738557951469003,-0.7714591717850942,-0.9631026175936244,-0.41228095092547856,0.9508623501408722,-1.203533370098974
-1.4115988147347134,-1.4619057676331129,0.4382771650173578,0.3416306852079047,-0.05571786328417784,-0.1364403861480695,0.0,1.4839970320089038,-0.7714591717850942,-0.05571786328417784,0.34163068520790474,0.5044063902637876,-1.203533370098974
-0.19043491598444703,1.414801784326177,0.4382771650173578,0.554674777445559,0.20069542446343536,0.5459459648861646,0.0,-0.6738557951469003,-0.7714591717850942,0.20069542446343536,0.554674777445559,0.14068431875910462,1.5088779153959135
1.2633316301468223,-0.023551991653467837,-0.8025406366046323,-1.6375325283127589,-1.6052752702074384,-1.39969938520257,0.0,-0.6738557951469003,-0.7714591717850942,-1.6052752702074384,-1.637532528312759,-1.0432221018155425,-0.35590484338182177
1.08887964461107,-1.4619057676331129,-0.8025406366046323,-0.8510439475078729,-0.34315079220549705,0.00749695394636359,0.0,-0.6738557951469003,1.296244877983732,-0.34315079220549705,-0.8510439475078727,-1.038865783070541,-1.3730590754424046
1.1470303064563208,0.6956248963363546,-0.8025406366046323,0.03263887130985427,1.074946995404083,1.0677767051358715,0.0,-0.6738557951469003,-0.7714591717850942,1.0749469954040838,0.032638871309853594,-0.7525330655198372,0.15267227264846966
-0.5974895489012024,-0.023551991653467837,0.4382771650173578,0.11191684811077805,-0.332194340958517,-0.4947037781921508,0.0,-0.6738557951469003,-0.7714591717850942,-0.33219434095851785,0.11191684811077876,0.5842895603527237,0.15267227264846966
-1.4115988147347134,-1.4619057676331129,0.4382771650173578,-0.8922396741146635,-1.5407661092374167,-1.4661169008518589,0.0,-0.6738557951469003,-0.7714591717850942,-1.5407661092374167,-0.8922396741146638,0.24940873735373675,-1.203533370098974
-1.5279001384252149,-0.023551991653467837,0.4382771650173578,0.6419028067495482,0.30568038575788375,0.6461668064487645,0.0,-0.6738557951469003,-0.7714591717850942,0.30568038575788375,0.6419028067495484,0.15313670446974817,0.15267227264846966
-0.7719415344369548,0.6956248963363546,-0.8025406366046323,0.7879381576618254,2.2870201783950437,1.32584518693586,0.0,1.4839970320089038,1.296244877983732,2.287020178395043,0.7879381576618262,-0.19044463386649238,0.15267227264846966
1.7866875867540792,0.6956248963363546,-0.8025406366046323,-1.4408338134449608,-1.2896212748600338,-0.6961308514206858,0.0,1.4839970320089038,-0.7714591717850942,-1.2896212748600338,-1.440833813444961,-1.30905990124446,0.15267227264846966
-0.4230375633654501,-0.7427288796432903,0.4382771650173578,-0.27432417990911456,-0.7970621099606304,-0.8772388843605062,0.0,-0.6738557951469003,1.296244877983732,-0.7970621099606304,-0.2743241799091146,0.48375732200280586,-0.5254305487252522
-0.30673623967494856,-0.023551991653467837,0.4382771650173578,0.2905552068451607,-0.11719073114321225,-0.5028610301002169,0.0,-0.6738557951469003,-0.7714591717850942,-0.11719073114321225,0.29055520684516073,0.8268391676597161,0.15267227264846966
-0.5393388870559517,-0.023551991653467837,-0.8025406366046323,-0.7628987826129917,-0.2016990623946275,0.006459701206009865,0.0,1.4839970320089038,1.296244877983732,-0.2016990623946275,-0.7628987826129919,-0.9342858525941821,-0.35590484338182177
-0.8300921962822055,-1.4619057676331129,-0.8025406366046323,-1.129421673943813,-0.7898799008541724,-0.9741442216280473,0.0,1.4839970320089038,-0.7714591717850942,-0.7898799008541724,-1.1294216739438132,-0.6478553373223046,-1.3730590754424046
-1.1789961673537102,-0.7427288796432903,-0.8025406366046323,-0.7784123379670448,-0.2265945770035634,-0.04092793113186185,0.0,-0.6738557951469003,-0.7714591717850942,-0.22659457700356256,-0.7784123379670452,-0.9203666336867986,-0.8644819594121131
-0.48118822521070087,0.6956248963363546,0.4382771650173578,-0.140981612657712,-0.6365751154304141,-0.7246960509952105,0.0,1.4839970320089038,-0.7714591717850942,-0.6365751154304141,-0.14098161265771203,0.4975202365020739,0.8307750940221916
1.2051809683015715,-0.7427288796432903,-0.8025406366046323,-0.7067794542849685,-0.1116410759209534,-0.2273667022622845,0.0,1.4839970320089038,-0.7714591717850942,-0.1116410759209534,-0.7067794542849686,-0.6991539703248928,-0.8644819594121131
1.7285369249088285,-0.7427288796432903,-0.8025406366046323,-0.46900075782565465,0.26993638174736656,0.06389386722902124,0.0,-0.6738557951469003,-0.7714591717850942,0.26993638174736656,-0.4690007578256547,-0.6301393051444156,-0.8644819594121131
-1.7023521239609671,-0.023551991653467837,0.4382771650173578,0.10133163224576824,-0.3449343797596766,-0.6461241559134207,0.0,-0.6738557951469003,1.296244877983732,-0.3449343797596766,0.10133163224576826,0.7386938491099276,0.15267227264846966
0.9725783209205685,-0.023551991653467837,0.4382771650173578,0.1344071482773926,-0.30512571048122045,-0.056834942799999906,0.0,-0.6738557951469003,-0.7714591717850942,-0.30512571048122045,0.13440714827739264,0.1799663392139391,0.15267227264846966
-1.1208455055084594,-0.023551991653467837,0.4382771650173578,-0.6264443220874399,-1.2208630348761325,-1.0800810666848093,0.0,-0.6738557951469003,1.296244877983732,-1.2208630348761325,-0.62644432208744,0.20251706113773366,0.15267227264846966
-1.1208455055084594,0.6956248963363546,0.4382771650173578,-0.4279662768075197,-0.9819809912512257,-0.9169138016790339,0.0,-0.6738557951469003,-0.7714591717850942,-0.9819809912512257,-0.4279662768075198,0.3090598694348241,0.8307750940221916
-0.8300921962822055,0.6956248963363546,-0.8025406366046323,0.18860328581083338,1.3252322634209122,1.2637433835812586,0.0,1.4839970320089038,1.296244877983732,1.325232263420913,0.18860328581083272,-0.7169815280780938,0.15267227264846966
1.4377836156825747,-0.023551991653467837,-0.8025406366046323,-1.0805905875882533,-0.7115177848858696,-1.2902544031989691,0.0,-0.6738557951469003,1.296244877983732,-0.7115177848858696,-1.0805905875882535,-0.2610392532529508,-0.35590484338182177
-1.4115988147347134,1.414801784326177,0.4382771650173578,1.3920268426401763,1.2085065014272354,1.3351211900138806,0.0,1.4839970320089038,1.296244877983732,1.2085065014272354,1.3920268426401765,0.369218188050291,1.5088779153959135
0.2166197169323084,1.414801784326177,-0.8025406366046323,-0.42261119353875526,0.3443804436693106,0.5040891123388224,0.0,-0.6738557951469003,-0.7714591717850942,0.3443804436693106,-0.42261119353875537,-0.8757046112137021,0.6612493886787612
0.04216773139655607,1.414801784326177,-0.8025406366046323,-1.268396989367644,-1.0129017624747831,-1.1264277418082542,0.0,-0.6738557951469003,-0.7714591717850942,-1.0129017624747831,-1.2683969893676441,-0.71487757873971,0.6612493886787612
0.8562769972300669,-0.023551991653467837,0.4382771650173578,1.235952781138911,1.0206605826724446,0.7969092654147316,0.0,-0.6738557951469003,-0.7714591717850942,1.0206605826724446,1.2359527811389113,0.643885300311122,0.15267227264846966
-1.6442014621157164,-0.7427288796432903,-0.8025406366046323,-0.8553544818533277,-0.35006816016664283,-0.4645271323960054,0.0,-0.6738557951469003,1.296244877983732,-0.35006816016664283,-0.8553544818533279,-0.7032682942896763,-0.8644819594121131
0.4492223643133115,-1.4619057676331129,0.4382771650173578,0.8662450255757279,0.5756917496291984,0.8392069503767251,0.0,-0.6738557951469003,1.296244877983732,0.5756917496291984,0.866245025575728,0.23307624835036042,-1.203533370098974
-0.24858557782969778,-0.023551991653467837,-0.8025406366046323,-0.8344727969965191,-0.31655809245182753,-0.20010177308727464,0.0,1.4839970320089038,-0.7714591717850942,-0.31655809245182753,-0.8344727969965193,-0.876505402095237,-0.35590484338182177
0.04216773139655607,-0.023551991653467837,-0.8025406366046323,-0.682597336084802,-0.07283460872580111,-0.20010177308727464,0.0,-0.6738557951469003,1.296244877983732,-0.07283460872580111,-0.6825973360848018,-0.6899851049916645,-0.35590484338182177
0.2166197169323084,-0.023551991653467837,0.4382771650173578,-0.5630312694369384,-1.144541043754739,-1.2506165306211683,0.0,-0.6738557951469003,-0.7714591717850942,-1.144541043754739,-0.5630312694369385,0.5043004619199667,0.15267227264846966
1.2051809683015715,0.6956248963363546,0.4382771650173578,1.064526058063691,0.814336674744113,0.6459889916932754,0.0,-0.6738557951469003,1.296244877983732,0.814336674744113,1.0645260580636913,0.5962769739329047,0.8307750940221916
-1.7023521239609671,-0.7427288796432903,-0.8025406366046323,-0.4335470452656414,0.32683103927976637,0.23232889436616377,0.0,1.4839970320089038,-0.7714591717850942,0.32683103927976714,-0.4335470452656422,-0.7088752527398677,-0.8644819594121131
1.08887964461107,-0.7427288796432903,0.4382771650173578,0.8583286294246224,0.5661638197866138,0.41207368084723445,0.0,-0.6738557951469003,1.296244877983732,0.5661638197866138,0.8583286294246226,0.5823663766196855,-0.5254305487252522
-0.48118822521070087,-0.7427288796432903,0.4382771650173578,-0.56040364064159,-1.1413785109132086,-0.7246960509952105,0.0,-0.6738557951469003,-0.7714591717850942,-1.1413785109132086,-0.5604036406415901,-0.07891668448326394,-0.5254305487252522
0.4492223643133115,-1.4619057676331129,0.4382771650173578,-0.810113191379313,-1.4419212117885454,-1.6294508671909054,0.0,1.4839970320089038,-0.7714591717850942,-1.4419212117885454,-0.8101131913793131,0.6089142951491752,-1.203533370098974
1.6703862630635777,-1.4619057676331129,-0.8025406366046323,-0.018256041310975874,0.9932729360569271,1.32584518693586,0.0,-0.6738557951469003,1.296244877983732,0.9932729360569262,-0.018256041310975194,-0.9465164107981979,-1.3730590754424046
-0.5393388870559517,-0.7427288796432903,-0.8025406366046323,-0.6416885386736787,-0.007185855726284436,0.14414759353981255,0.0,-0.6738557951469003,-0.7714591717850942,-0.0071858557262836145,-0.6416885386736791,-0.8859109277138463,-0.8644819594121131
0.2166197169323084,-1.4619057676331129,0.4382771650173578,0.4345265555878901,0.05608873643010505,-0.13510677548190173,0.0,-0.6738557951469003,-0.7714591717850942,0.05608873643010505,0.43452655558789016,0.6156960910034037,-1.203533370098974
1.08887964461107,-1.4619057676331129,-0.8025406366046323,-0.38504223202938104,0.40466956558582673,0.4280733043671895,0.0,-0.6738557951469003,-0.7714591717850942,0.40466956558582673,-0.3850422320293811,-0.7864266912321668,-1.3730590754424046
-1.7023521239609671,0.6956248963363546,0.4382771650173578,-0.2892204285150355,-0.8149907745860224,-0.8389086911303661,0.0,1.4839970320089038,1.296244877983732,-0.8149907745860224,-0.28922042851503554,0.4190154528213241,0.8307750940221916
1.0307289827658193,-0.7427288796432903,0.4382771650173578,1.7676406136724894,1.6605836322318603,1.7442618289723086,0.0,1.4839970320089038,1.296244877983732,1.6605836322318603,1.7676406136724896,0.41551903780255695,-0.5254305487252522
1.0307289827658193,-0.023551991653467837,-0.8025406366046323,-0.9440710717970239,-0.49243688935812,-0.6137729838366045,0.0,-0.6738557951469003,-0.7714591717850942,-0.49243688935812,-0.9440710717970243,-0.69966797853841,-0.35590484338182177
-0.0159829304486947,1.414801784326177,-0.8025406366046323,0.3471056765598689,1.579590371178125,1.3624305728777628,0.0,-0.6738557951469003,1.296244877983732,1.5795903711781256,0.3471056765598683,-0.6253244083393643,0.6612493886787612
0.33292104062280997,1.414801784326177,0.4382771650173578,0.7647644986904898,0.45355292255495533,0.6970885070519832,0.0,-0.6738557951469003,1.296244877983732,0.45355292255495533,0.7647644986904899,0.24090603066339386,1.5088779153959135
0.27477037877755917,-0.023551991653467837,0.4382771650173578,0.8314879819108456,0.5338592456395636,1.3554809795173945,0.0,-0.6738557951469003,-0.7714591717850942,0.5338592456395636,0.8314879819108457,-0.16907596056293475,0.15267227264846966
-1.2952974910442117,1.414801784326177,0.4382771650173578,0.7426796285685144,0.4269722551542479,0.33261271198799897,0.0,1.4839970320089038,-0.7714591717850942,0.4269722551542479,0.7426796285685145,0.5268250078515607,1.5088779153959135
1.7285369249088285,-0.023551991653467837,-0.8025406366046323,-0.19913767799211168,0.7030015362577342,0.6469188146855204,0.0,1.4839970320089038,-0.7714591717850942,0.7030015362577333,-0.19913767799211105,-0.7289062624474356,-0.35590484338182177
1.321482291992073,-0.7427288796432903,0.4382771650173578,2.616873283156615,2.6826938374855125,2.5429612569409143,0.0,-0.6738557951469003,1.296244877983732,2.6826938374855125,2.6168732831566155,0.5831944217554192,-0.5254305487252522
1.7866875867540792,-0.023551991653467837,-0.8025406366046323,-1.6353066648895802,-1.6017032962720918,-1.613536446574622,0.0,1.4839970320089038,1.296244877983732,-1.6017032962720918,-1.6353066648895807,-0.8345826373656247,-0.35590484338182177
-0.6556402107464532,1.414801784326177,-0.8025406366046323,-0.3830661819990992,0.407840649278387,0.8755737723483389,0.0,-0.6738557951469003,-0.7714591717850942,0.407840649278387,-0.38306618199909925,-1.0545309808950816,0.6612493886787612
0.565523688003813,-0.023551991653467837,0.4382771650173578,-0.7700598164746961,-1.3937142071407753,-1.1895038218439746,0.0,-0.6738557951469003,-0.7714591717850942,-1.3937142071407753,-0.7700598164746962,0.10997246642150901,0.15267227264846966
0.15846905508705764,-1.4619057676331129,-0.8025406366046323,0.20482359523865268,1.351261947855321,1.3624305728777628,0.0,-0.6738557951469003,-0.7714591717850942,1.351261947855321,0.2048235952386527,-0.7580086543826027,-1.3730590754424046
-0.07413359229394548,-0.7427288796432903,-0.8025406366046323,-1.4038241689065627,-1.2302297217795557,-1.3450954373710957,0.0,1.4839970320089038,-0.7714591717850942,-1.2302297217795557,-1.4038241689065627,-0.7179624458533959,-0.8644819594121131
1.08887964461107,-0.7427288796432903,0.4382771650173578,2.1862261874945617,2.1643802973264705,1.871932823413553,0.0,-0.6738557951469003,1.296244877983732,2.1643802973264705,2.186226187494562,0.6894555178282241,-0.5254305487252522
1.6703862630635777,-1.4619057676331129,-0.8025406366046323,-0.3775508499325913,0.4166914269951152,0.30080239312579526,0.0,-0.6738557951469003,-0.7714591717850942,0.4166914269951152,-0.37755084993259136,-0.6931285961636044,-1.3730590754424046
0.27477037877755917,-0.023551991653467837,-0.8025406366046323,-1.0321138310844191,-0.6337242828683146,-0.9761001839384276,0.0,-0.6738557951469003,-0.7714591717850942,-0.6337242828683146,-1.0321138310844193,-0.504253232139412,-0.35590484338182177
-1.3534481528894624,0.6956248963363546,0.4382771650173578,-0.1414801840178346,-0.6371751805168622,-0.5610064551451854,0.0,-0.6738557951469003,1.296244877983732,-0.6371751805168622,-0.14148018401783463,0.32099917764361374,0.8307750940221916
0.04216773139655607,0.6956248963363546,-0.8025406366046323,-0.2572768565157715,0.6097021773903222,0.8255930081595834,0.0,1.4839970320089038,-0.7714591717850942,0.6097021773903222,-0.25727685651577153,-0.898483255578711,0.15267227264846966
1.2051809683015715,0.6956248963363546,0.4382771650173578,-0.362601712773592,-0.9033102213176838,-0.6961234424725399,0.0,-0.6738557951469003,-0.7714591717850942,-0.9033102213176838,-0.36260171277359204,0.1632646818363192,0.8307750940221916
-1.4115988147347134,0.6956248963363546,-0.8025406366046323,-0.23551796633929767,0.6446199480689236,0.9448770733002546,0.0,-0.6738557951469003,-0.7714591717850942,0.6446199480689236,-0.23551796633929772,-0.9457717017783897,0.15267227264846966
-0.07413359229394548,-0.023551991653467837,0.4382771650173578,-0.7047752888875011,-1.3151397666019178,-1.311506970954001,0.0,-0.6738557951469003,1.296244877983732,-1.3151397666019178,-0.7047752888875012,0.3579393100213729,0.15267227264846966
0.7981263353848161,-0.7427288796432903,0.4382771650173578,-1.0183433405437305,-1.6925405863725795,-1.8033981517482136,0.0,-0.6738557951469003,1.296244877983732,-1.6925405863725795,-1.0183433405437308,0.4924319672213572,-0.5254305487252522
-0.8882428581274563,1.414801784326177,-0.8025406366046323,-1.4643803015346477,-1.3274077090363083,-1.3530526476792375,0.0,-0.6738557951469003,1.296244877983732,-1.327407709036308,-1.4643803015346484,-0.8072535313506527,0.6612493886787612
0.15846905508705764,-0.023551991653467837,-0.8025406366046323,-0.8312955552828941,-0.311459385824465,-0.18101632266476853,0.0,-0.6738557951469003,-0.7714591717850942,-0.311459385824465,-0.8312955552828942,-0.8862497359701776,-0.35590484338182177
-0.946393519972707,-0.7427288796432903,-0.8025406366046323,-1.163954791462123,-0.845297225384138,-0.7696720707117594,0.0,1.4839970320089038,-0.7714591717850942,-0.845297225384138,-1.1639547914621233,-0.8722827904412903,-0.8644819594121131
-1.7023521239609671,-0.023551991653467837,-0.8025406366046323,-0.14876191753199258,0.7838424816019247,1.1551578395625222,0.0,1.4839970320089038,-0.7714591717850942,0.7838424816019247,-0.1487619175319926,-0.978141435679242,-0.35590484338182177
-0.713790872591704,-0.7427288796432903,0.4382771650173578,-0.7803892088839599,-1.4061463447338705,-1.3468921072963511,0.0,1.4839970320089038,1.296244877983732,-1.4061463447338705,-0.78038920888396,0.2815348851108547,-0.5254305487252522
-1.7023521239609671,-0.023551991653467837,0.4382771650173578,1.7720977935514806,1.6659481562364957,2.5429612569409143,0.0,-0.6738557951469003,-0.7714591717850942,1.6659481562364957,1.772097793551481,-0.08338941062322151,0.15267227264846966
1.4377836156825747,-0.7427288796432903,-0.8025406366046323,-0.8931001978452477,-0.4106409303960052,-0.11039422894297582,0.0,1.4839970320089038,-0.7714591717850942,-0.4106409303960052,-0.8931001978452479,-1.0103896439076119,-0.8644819594121131
0.27477037877755917,1.414801784326177,0.4382771650173578,0.7872824451462136,0.4806548272517351,0.3273338364344134,0.0,-0.6738557951469003,-0.7714591717850942,0.4806548272517351,0.7872824451462137,0.5810847979202434,1.5088779153959135
1.7285369249088285,-0.023551991653467837,0.4382771650173578,-0.1724951573307222,-0.6745038442363455,-1.0013869239586208,0.0,-0.6738557951469003,-0.7714591717850942,-0.6745038442363455,-0.17249515733072224,0.7802780676289445,0.15267227264846966
-0.5393388870559517,1.414801784326177,0.4382771650173578,-0.8342065365535797,-1.4709192177134423,-1.4520917620126481,0.0,-0.6738557951469003,-0.7714591717850942,-1.4709192177134423,-0.8342065365535798,0.32716884997062146,1.5088779153959135
-0.24858557782969778,1.414801784326177,0.4382771650173578,0.23656777973819934,-0.18216833055060802,0.22443466011725777,0.0,-0.6738557951469003,1.296244877983732,-0.18216833055060802,0.23656777973819937,0.05430896703101953,1.5088779153959135
0.565523688003813,-0.023551991653467837,-0.8025406366046323,-1.186423660624136,-0.881354341093788,-0.6484913148458707,0.0,-0.6738557951469003,1.296244877983732,-0.881354341093788,-1.1864236606241363,-0.9983307044040904,-0.35590484338182177
0.2166197169323084,-0.023551991653467837,-0.8025406366046323,-1.4465290662710286,-1.2987607820005362,-1.05965830112206,0.0,-0.6738557951469003,-0.7714591717850942,-1.2987607820005362,-1.4465290662710288,-1.040476003661417,-0.35590484338182177
-0.19043491598444703,1.414801784326177,-0.8025406366046323,-0.9900725912454792,-0.566258232907393,-0.6112687593634647,0.0,-0.6738557951469003,-0.7714591717850942,-0.566258232907393,-0.9900725912454793,-0.7633605255441555,0.6612493886787612
1.4377836156825747,0.6956248963363546,0.4382771650173578,2.489535120500802,2.5294335588297,2.3221375574677663,0.0,-0.6738557951469003,-0.7714591717850942,2.5294335588297,2.4895351205008023,0.6277337375964488,0.8307750940221916
-1.6442014621157164,-1.4619057676331129,0.4382771650173578,-0.361682788822535,-0.902204232838934,-0.7528796897402481,0.0,-0.6738557951469003,1.296244877983732,-0.902204232838934,-0.3616827888225351,0.22385075975199215,-1.203533370098974
-1.4115988147347134,0.6956248963363546,0.4382771650173578,0.3960633846785926,0.009795652184194247,-0.0769835772813688,0.0,-0.6738557951469003,-0.7714591717850942,0.009795652184194247,0.39606338467859264,0.5117872551745763,0.8307750940221916
-1.2952974910442117,-0.7427288796432903,-0.8025406366046323,-1.0618643751258308,-0.6814667304828913,-0.7488973801121044,0.0,-0.6738557951469003,-0.7714591717850942,-0.6814667304828913,-1.0618643751258308,-0.7479798228050598,-0.8644819594121131
0.6236743498490638,-0.7427288796432903,-0.8025406366046323,-1.175801475543254,-0.8643082960174199,-0.6137729838366045,0.0,-0.6738557951469003,1.296244877983732,-0.8643082960174199,-1.1758014755432538,-1.0103267989202027,-0.8644819594121131
-0.36488690152019937,1.414801784326177,0.4382771650173578,0.06458604934682748,-0.3891602281385625,0.16179941249618804,0.0,-0.6738557951469003,-0.7714591717850942,-0.3891602281385625,0.06458604934682748,-0.08960451243931858,1.5088779153959135
-1.004544181817958,0.6956248963363546,0.4382771650173578,-0.7792634801361074,-1.4047914523906138,-1.4287202350880368,0.0,-0.6738557951469003,1.296244877983732,-1.4047914523906138,-0.7792634801361075,0.3871234094079115,0.8307750940221916
-1.1789961673537102,0.6956248963363546,-0.8025406366046323,-0.3460772355308085,0.46719898694853657,0.8136942374380975,0.0,-0.6738557951469003,1.296244877983732,0.46719898694853657,-0.34607723553080855,-0.981906578513788,0.15267227264846966
0.7399756735395654,-0.7427288796432903,0.4382771650173578,0.8149056321604253,0.5139012417661543,0.35917379108919756,0.0,-0.6738557951469003,1.296244877983732,0.5139012417661543,0.8149056321604254,0.5825950495937133,-0.5254305487252522
1.321482291992073,-1.4619057676331129,0.4382771650173578,0.7790238858559815,0.47071508042550164,0.5215964568063628,0.0,1.4839970320089038,-0.7714591717850942,0.47071508042550164,0.7790238858559816,0.400637750740917,-1.203533370098974
0.27477037877755917,-0.7427288796432903,0.4382771650173578,0.6455881479717165,0.3101159485999354,0.6279296805889036,0.0,1.4839970320089038,-0.7714591717850942,0.3101159485999354,0.6455881479717166,0.17146847270334564,-0.5254305487252522
1.7285369249088285,0.6956248963363546,-0.8025406366046323,-1.485439239269458,-1.3612022248684668,-1.3530526476792375,0.0,-0.6738557951469003,1.296244877983732,-1.3612022248684668,-1.4854392392694582,-0.8410111610157937,0.15267227264846966
0.2166197169323084,-0.7427288796432903,-0.8025406366046323,0.10441274227117486,1.1901267470649768,1.32584518693586,0.0,-0.6738557951469003,-0.7714591717850942,1.1901267470649777,0.1044127422711742,-0.8314741476621215,-0.8644819594121131
1.6703862630635777,-0.7427288796432903,-0.8025406366046323,-0.71521916566471,-0.12518477710062192,-0.733279317421636,0.0,-0.6738557951469003,-0.7714591717850942,-0.12518477710062192,-0.7152191656647101,-0.2836468909876482,-0.8644819594121131
-0.5974895489012024,-0.7427288796432903,0.4382771650173578,-0.14464701806164637,-0.6409866841375259,-0.5764429986060908,0.0,1.4839970320089038,-0.7714591717850942,-0.6409866841375259,-0.14464701806164637,0.3328306201455737,-0.5254305487252522
0.3910717024680607,-1.4619057676331129,0.4382771650173578,1.9907035979504162,1.9290553489208822,2.5429612569409143,0.0,-0.6738557951469003,-0.7714591717850942,1.9290553489208822,1.9907035979504166,0.0891050528993532,-1.203533370098974
-0.13228425413919626,1.414801784326177,0.4382771650173578,0.49737753543371815,0.13173423408816856,0.26917729796722756,0.0,-0.6738557951469003,-0.7714591717850942,0.13173423408816856,0.4973775354337182,0.30976783788973083,1.5088779153959135
-0.8300921962822055,-1.4619057676331129,0.4382771650173578,0.399513864371539,0.013948542945360335,-0.14843176872137326,0.0,-0.6738557951469003,-0.7714591717850942,0.013948542945360335,0.3995138643715391,0.5865887508152665,-1.203533370098974
0.6818250116943146,-0.023551991653467837,0.4382771650173578,0.7805769154137708,0.47258425882279675,0.2521737619735738,0.0,-0.6738557951469003,1.296244877983732,0.47258425882279675,0.7805769154137709,0.6432569617277788,0.15267227264846966
0.15846905508705764,1.414801784326177,0.4382771650173578,-0.5059916099236299,-1.0758898717170904,-1.2688758833254656,0.0,1.4839970320089038,1.296244877983732,-1.0758898717170904,-0.50599160992363,0.6169875483408557,1.5088779153959135
-0.8300921962822055,0.6956248963363546,0.4382771650173578,0.39774834244528173,0.011823615298002106,-0.016370972503988362,0.0,-0.6738557951469003,1.296244877983732,0.011823615298002106,0.39774834244528184,0.45542942802830755,0.8307750940221916
-1.3534481528894624,1.414801784326177,0.4382771650173578,0.4417310084890122,0.06475979337140167,0.41167359764738415,0.0,1.4839970320089038,1.296244877983732,0.06475979337140167,0.44173100848901226,0.12757924684377236,1.5088779153959135
-0.8882428581274563,0.6956248963363546,0.4382771650173578,-0.18406103954855496,-0.688424182763583,-0.5216982807598547,0.0,1.4839970320089038,1.296244877983732,-0.688424182763583,-0.184061039548555,0.2246907136633498,0.8307750940221916
-0.6556402107464532,-0.7427288796432903,0.4382771650173578,-0.09496751605334183,-0.5811939702921519,-0.6436014090699177,0.0,-0.6738557951469003,1.296244877983732,-0.5811939702921519,-0.09496751605334185,0.4708888459884172,-0.5254305487252522
-0.36488690152019937,-0.023551991653467837,-0.8025406366046323,0.7442649365614146,2.216935192129115,2.340559907031262,0.0,-0.6738557951469003,-0.7714591717850942,2.216935192129115,0.7442649365614148,-0.7991369789003924,-0.35590484338182177
-0.6556402107464532,-0.023551991653467837,-0.8025406366046323,-0.33709321767852607,0.48161616873465773,0.8302013739060127,0.0,-0.6738557951469003,-0.7714591717850942,0.48161616873465773,-0.3370932176785261,-0.982278071037789,-0.35590484338182177
1.4377836156825747,-0.023551991653467837,-0.8025406366046323,-0.7793256036638091,-0.22806014817514417,0.011349606981962414,0.0,1.4839970320089038,1.296244877983732,-0.22806014817514417,-0.7793256036638092,-0.9569370080309219,-0.35590484338182177
1.5540849393730762,-0.7427288796432903,-0.8025406366046323,-1.0735893041288371,-0.7002824135820466,-0.13428067776369096,0.0,-0.6738557951469003,1.296244877983732,-0.7002824135820466,-1.0735893041288374,-1.212869711239527,-0.8644819594121131
-0.19043491598444703,-0.7427288796432903,-0.8025406366046323,-1.0361836697420808,-0.6402553923042533,-0.5784767548719989,0.0,1.4839970320089038,1.296244877983732,-0.6402553923042533,-1.036183669742081,-0.850979110500634,-0.8644819594121131
-1.6442014621157164,0.6956248963363546,0.4382771650173578,-0.29065662831449873,-0.8167193402954721,-0.9536325486875533,0.0,-0.6738557951469003,-0.7714591717850942,-0.8167193402954721,-0.2906566283144988,0.5496180642570406,0.8307750940221916
1.612235601218327,-1.4619057676331129,-0.8025406366046323,-0.9682046404163149,-0.5311654461857023,-0.5357863956583016,0.0,-0.6738557951469003,-0.7714591717850942,-0.5311654461857023,-0.9682046404163152,-0.7944753083829235,-1.3730590754424046
-0.713790872591704,-0.023551991653467837,-0.8025406366046323,0.8543849727694287,2.393651290250156,2.5768460812838256,0.0,-0.6738557951469003,-0.7714591717850942,2.393651290250156,0.8543849727694288,-0.8233699317566796,-0.35590484338182177
1.5540849393730762,-0.023551991653467837,-0.8025406366046323,-0.486008883882265,0.24264244163825324,0.5613158278137622,0.0,1.4839970320089038,1.296244877983732,0.24264244163825324,-0.48600888388226504,-0.9786973163767517,-0.35590484338182177
-1.004544181817958,0.6956248963363546,-0.8025406366046323,0.3785082256331244,1.629983888419599,1.2520520634078434,0.0,1.4839970320089038,-0.7714591717850942,1.629983888419599,0.3785082256331245,-0.5300565665578224,0.15267227264846966
-0.8300921962822055,1.414801784326177,0.4382771650173578,1.457803902207264,1.2876737382410737,1.3351211900138806,0.0,-0.6738557951469003,-0.7714591717850942,1.2876737382410737,1.4578039022072642,0.43081727153303934,1.5088779153959135
-0.30673623967494856,1.414801784326177,-0.8025406366046323,1.0088892351716845,2.6415933663244937,2.0227456673869026,0.0,-0.6738557951469003,-0.7714591717850942,2.6415933663244937,1.0088892351716847,-0.4146519549462398,0.6612493886787612
-1.3534481528894624,0.6956248963363546,-0.8025406366046323,-0.5385101836920386,0.15839051829942835,-0.11039422894297582,0.0,1.4839970320089038,-0.7714591717850942,0.15839051829942835,-0.5385101836920387,-0.5826954682365639,0.15267227264846966
0.27477037877755917,-1.4619057676331129,-0.8025406366046323,-0.34086938414317686,0.47555633233732725,0.09880483089006778,0.0,1.4839970320089038,-0.7714591717850942,0.47555633233732725,-0.3408693841431769,-0.5070197841283884,-1.3730590754424046
0.5073730261585623,-0.7427288796432903,-0.8025406366046323,-1.3434780953044259,-1.133388828595045,-0.8976838767676912,0.0,-0.6738557951469003,-0.7714591717850942,-1.133388828595045,-1.343478095304426,-1.0220582543259877,-0.8644819594121131
-0.07413359229394548,0.6956248963363546,-0.8025406366046323,-0.8579617350697458,-0.35425217273224563,-0.037979169769999974,0.0,1.4839970320089038,1.296244877983732,-0.35425217273224563,-0.8579617350697459,-1.0169733471161668,0.15267227264846966
1.2051809683015715,-1.4619057676331129,-0.8025406366046323,-0.9351063447806205,-0.478050664710803,-0.9543326942872917,0.0,-0.6738557951469003,-0.7714591717850942,-0.47805066471080376,-0.9351063447806203,-0.3839646547854703,-1.3730590754424046
-0.19043491598444703,-1.4619057676331129,-0.8025406366046323,-0.22755328446373493,0.6574013414673607,0.7927417320829535,0.0,-0.6738557951469003,1.296244877983732,0.6574013414673607,-0.22755328446373496,-0.8486148704098871,-1.3730590754424046
-0.30673623967494856,-1.4619057676331129,-0.8025406366046323,-1.1101220721681317,-0.7589086948999179,-0.8434800121360686,0.0,1.4839970320089038,-0.7714591717850942,-0.7589086948999179,-1.1101220721681317,-0.7353119205934787,-1.3730590754424046
1.4377836156825747,-0.023551991653467837,0.4382771650173578,0.37038608011089486,-0.021108758332646662,-0.4478273632763105,0.0,-0.6738557951469003,1.296244877983732,-0.021108758332646662,0.3703860801108949,0.8685005860870524,0.15267227264846966
0.7399756735395654,-0.7427288796432903,0.4382771650173578,-0.3845392630622958,-0.9297135791182853,-1.003909670802124,0.0,1.4839970320089038,-0.7714591717850942,-0.9297135791182853,-0.38453926306229586,0.47230643308354275,-0.5254305487252522
0.2166197169323084,0.6956248963363546,0.4382771650173578,0.5565373985335669,0.20293721766214734,0.7084575379810744,0.0,-0.6738557951469003,-0.7714591717850942,0.20293721766214734,0.556537398533567,0.01591586672640991,0.8307750940221916
-0.713790872591704,0.6956248963363546,0.4382771650173578,1.1852175602856099,0.959597238240043,1.2786872319904967,0.0,1.4839970320089038,-0.7714591717850942,0.959597238240043,1.18521756028561,0.21593498377633574,0.8307750940221916
-1.3534481528894624,-0.023551991653467837,0.4382771650173578,0.9836646788995503,0.7170144168701202,0.587954700870488,0.0,-0.6738557951469003,1.296244877983732,0.7170144168701202,0.9836646788995506,0.5614798665337973,0.15267227264846966
0.565523688003813,-0.7427288796432903,0.4382771650173578,0.4033457338577253,0.018560462679218716,0.3915138497437959,0.0,1.4839970320089038,-0.7714591717850942,0.018560462679218716,0.4033457338577254,0.10206048580050157,-0.5254305487252522
1.1470303064563208,0.6956248963363546,-0.8025406366046323,-0.8260309454480554,-0.3030109568175498,-0.22004666149464744,0.0,-0.6738557951469003,-0.7714591717850942,-0.3030109568175498,-0.8260309454480557,-0.8517373673681917,0.15267227264846966
-0.7719415344369548,-1.4619057676331129,0.4382771650173578,1.7316124270561668,1.6172212198558786,1.1305342004013408,0.0,-0.6738557951469003,-0.7714591717850942,1.6172212198558786,1.731612427056167,0.853844872898639,-1.203533370098974
0.3910717024680607,-1.4619057676331129,0.4382771650173578,0.5426999764148962,0.18628292388599363,-0.004123981219670355,0.0,-0.6738557951469003,-0.7714591717850942,0.18628292388599363,0.5426999764148963,0.6150127834430797,-1.203533370098974
0.27477037877755917,0.6956248963363546,-0.8025406366046323,-1.0316436975826597,-0.6329698319900925,-0.7696720707117594,0.0,-0.6738557951469003,1.296244877983732,-0.6329698319900925,-1.0316436975826595,-0.6885640164524548,0.15267227264846966
1.0307289827658193,1.414801784326177,-0.8025406366046323,-0.1301583396690868,0.8136967370510738,0.7604683539616651,0.0,-0.6738557951469003,1.296244877983732,0.8136967370510747,-0.1301583396690875,-0.7289891357868283,0.6612493886787612
1.379632953837324,-0.023551991653467837,-0.8025406366046323,-1.6347128706800114,-1.600750399783721,-1.3530526476792375,0.0,-0.6738557951469003,-0.7714591717850942,-1.600750399783721,-1.6347128706800118,-1.0802978729755603,-0.35590484338182177
0.04216773139655607,-0.7427288796432903,0.4382771650173578,-0.2923390354691495,-0.818744233571427,-1.106775506852625,0.0,1.4839970320089038,1.296244877983732,-0.8187442335714278,-0.2923390354691489,0.7359181056061744,-0.5254305487252522
-0.19043491598444703,-1.4619057676331129,-0.8025406366046323,-0.4136149503391144,0.3588172441892944,0.3329572280767597,0.0,1.4839970320089038,-0.7714591717850942,0.3588172441892944,-0.41361495033911444,-0.7549820692582042,-1.3730590754424046
-0.713790872591704,0.6956248963363546,0.4382771650173578,0.4635440771832741,0.09101332897060042,0.026482383568907863,0.0,-0.6738557951469003,-0.7714591717850942,0.09101332897060042,0.46354407718327423,0.49223893211004777,0.8307750940221916
0.10031839324180684,0.6956248963363546,0.4382771650173578,-0.061915600512420114,-0.5414137058352045,-0.4692984950016309,0.0,-0.6738557951469003,-0.7714591717850942,-0.5414137058352045,-0.06191560051242013,0.3312427411122351,0.8307750940221916
1.1470303064563208,0.6956248963363546,-0.8025406366046323,-0.4276369546807257,0.3363153092062256,0.6868234093965537,0.0,-0.6738557951469003,1.296244877983732,0.3363153092062256,-0.42763695468072577,-0.9920022948882762,0.15267227264846966
-0.713790872591704,1.414801784326177,-0.8025406366046323,-2.072026005563976,-2.3025325051563916,-2.429676538477461,0.0,1.4839970320089038,1.296244877983732,-2.302532505156391,-2.0720260055639765,-0.732777112928452,0.6612493886787612
-1.1208455055084594,1.414801784326177,-0.8025406366046323,-1.1292296157890347,-0.7895716938385057,-1.3431246571644244,0.0,-0.6738557951469003,1.296244877983732,-0.7895716938385057,-1.129229615789035,-0.2808614381890675,0.6612493886787612
-0.19043491598444703,1.414801784326177,-0.8025406366046323,-0.8290375893288829,-0.3078358950699835,-0.01095132693564114,0.0,1.4839970320089038,1.296244877983732,-0.3078358950699827,-0.8290375893288835,-1.0006847539097712,0.6612493886787612
0.10031839324180684,0.6956248963363546,-0.8025406366046323,0.27956722881706847,1.471207452235796,1.2520520634078434,0.0,-0.6738557951469003,1.296244877983732,1.471207452235796,0.2795672288170685,-0.6239191283426564,0.15267227264846966
0.04216773139655607,1.414801784326177,-0.8025406366046323,-0.5625202381904197,0.11986017184537737,0.2825911985844436,0.0,-0.6738557951469003,-0.7714591717850942,0.11986017184537737,-0.5625202381904197,-0.8875238552955909,0.6612493886787612
0.2166197169323084,1.414801784326177,-0.8025406366046323,-0.12488472939866375,0.8221596095862768,1.3817827454335045,0.0,-0.6738557951469003,-0.7714591717850942,0.822159609586276,-0.12488472939866377,-1.0754190789940434,0.6612493886787612
-0.19043491598444703,-0.023551991653467837,0.4382771650173578,0.13975915322128257,-0.29868420267271734,-0.24235129988632345,0.0,1.4839970320089038,-0.7714591717850942,-0.29868420267271734,0.1397591532212826,0.3608587229389716,0.15267227264846966
0.33292104062280997,0.6956248963363546,-0.8025406366046323,-0.8911861247557691,-0.40756930474513653,0.23095083001112274,0.0,-0.6738557951469003,1.296244877983732,-0.40756930474513653,-0.8911861247557696,-1.2247654691954253,0.15267227264846966
-0.07413359229394548,-1.4619057676331129,-0.8025406366046323,0.2108727967905089,1.3609694573313666,1.310538300067499,0.0,1.4839970320089038,-0.7714591717850942,1.3609694573313666,0.21087279679050894,-0.7228878772377068,-1.3730590754424046
-1.1789961673537102,-0.7427288796432903,0.4382771650173578,-1.483195785418426,-2.2520226281222917,-2.116974473053415,0.0,-0.6738557951469003,-0.7714591717850942,-2.2520226281222913,-1.4831957854184263,0.06867953694425409,-0.5254305487252522
0.7981263353848161,1.414801784326177,-0.8025406366046323,0.307421554053273,1.5159069260194618,1.3953114847469752,0.0,-0.6738557951469003,1.296244877983732,1.5159069260194626,0.3074215540532724,-0.6812220132934915,0.6612493886787612
-0.30673623967494856,-0.023551991653467837,-0.8025406366046323,-0.0937410821060288,0.8721376519147063,1.2520520634078434,0.0,-0.6738557951469003,-0.7714591717850942,0.8721376519147063,-0.09374108210602881,-0.9780663021775274,-0.35590484338182177
0.04216773139655607,0.6956248963363546,0.4382771650173578,-0.032505958962805934,-0.5060171698317408,-0.7015579059371784,0.0,1.4839970320089038,1.296244877983732,-0.5060171698317408,-0.03250595896280594,0.6201783990628452,0.8307750940221916
1.379632953837324,0.6956248963363546,0.4382771650173578,0.13843893297613163,-0.30027317897360667,-0.1418859630349268,0.0,1.4839970320089038,1.296244877983732,-0.30027317897360667,0.13843893297613166,0.26314266205831016,0.8307750940221916
-1.1208455055084594,-0.023551991653467837,-0.8025406366046323,0.07150087585334533,1.1373111395196498,0.8117234572314254,0.0,1.4839970320089038,1.296244877983732,1.1373111395196498,0.07150087585334534,-0.5552669948273993,-0.35590484338182177
1.1470303064563208,1.414801784326177,-0.8025406366046323,0.45774158138206106,1.7571343140019087,2.0861662635113825,0.0,-0.6738557951469003,-0.7714591717850942,1.7571343140019093,0.45774158138206045,-0.9121976546112495,0.6612493886787612
-0.19043491598444703,1.414801784326177,0.4382771650173578,-0.31380073536704123,-0.844574872542314,-0.9441972532244075,0.0,-0.6738557951469003,1.296244877983732,-0.844574872542314,-0.3138007353670413,0.5049594626797896,1.5088779153959135
1.6703862630635777,0.6956248963363546,-0.8025406366046323,0.04210521869387459,1.090138199754965,1.5080164039345438,0.0,-0.6738557951469003,-0.7714591717850942,1.090138199754965,0.042105218693874596,-0.9865446951487231,0.15267227264846966
0.2166197169323084,-1.4619057676331129,0.4382771650173578,0.437099507469994,0.059185461828013396,0.44141311550295176,0.0,-0.6738557951469003,-0.7714591717850942,0.059185461828013396,0.4370995074699941,0.09831877840516895,-1.203533370098974
-1.237146829198961,-1.4619057676331129,-0.8025406366046323,-1.256980098073729,-0.9945804056027087,-1.3344858236269068,0.0,1.4839970320089038,1.296244877983732,-0.9945804056027087,-1.2569800980737291,-0.4940455186605263,-1.3730590754424046
-0.5974895489012024,-1.4619057676331129,0.4382771650173578,0.7094771389651687,0.3870107644075212,0.7805280810652895,0.0,-0.6738557951469003,-0.7714591717850942,0.3870107644075212,0.7094771389651688,0.11859801700196003,-1.203533370098974
-1.6442014621157164,1.414801784326177,0.4382771650173578,0.23003199763454144,-0.19003459597763278,0.05821120400151189,0.0,-0.6738557951469003,-0.7714591717850942,-0.19003459597763278,0.23003199763454146,0.18975067421191746,1.5088779153959135
-1.7023521239609671,0.6956248963363546,-0.8025406366046323,0.3247601749318673,1.543731230605391,1.5412529453147343,0.0,-0.6738557951469003,-0.7714591717850942,1.543731230605391,0.3247601749318674,-0.747083852485559,0.15267227264846966
-1.2952974910442117,-0.023551991653467837,-0.8025406366046323,0.26068056233524384,1.4408989078317889,1.4111221800892229,0.0,-0.6738557951469003,-0.7714591717850942,1.4408989078317889,0.2606805623352439,-0.7335013555145559,-0.35590484338182177
-0.36488690152019937,-1.4619057676331129,0.4382771650173578,-0.01003172472029804,-0.47896787580436617,-0.7067367606908012,0.0,-0.6738557951469003,1.296244877983732,-0.47896787580436617,-0.010031724720298042,0.6568315202095927,-1.203533370098974
1.2051809683015715,0.6956248963363546,0.4382771650173578,0.07976905124413732,-0.37088643611045674,-0.2752803699184795,0.0,-0.6738557951469003,-0.7714591717850942,-0.37088643611045674,0.07976905124413733,0.31841150070135166,0.8307750940221916
-0.13228425413919626,0.6956248963363546,0.4382771650173578,-0.19833581833841835,-0.7056048655177224,-0.17691546986629833,0.0,-0.6738557951469003,-0.7714591717850942,-0.7056048655177224,-0.19833581833841837,-0.11546070486061494,0.8307750940221916
1.1470303064563208,-1.4619057676331129,0.4382771650173578,0.4828898831494503,0.11429734337256316,-0.03435248965283387,0.0,1.4839970320089038,1.296244877983732,0.11429734337256316,0.48288988314945036,0.573765027359178,-1.203533370098974
-1.3534481528894624,-1.4619057676331129,-0.8025406366046323,-0.8625256008936681,-0.3615760766149868,0.011349606981962414,0.0,-0.6738557951469003,-0.7714591717850942,-0.3615760766149868,-0.8625256008936679,-1.0549136662612595,-1.3730590754424046
1.6703862630635777,-0.7427288796432903,0.4382771650173578,0.5109153339312869,0.14802791013037578,0.0004214084675224386,0.0,-0.6738557951469003,1.296244877983732,0.14802791013037497,0.5109153339312876,0.5730502733105515,-0.5254305487252522
0.15846905508705764,1.414801784326177,0.4382771650173578,0.28211062878037996,-0.12735436441972844,-0.026606434366835383,0.0,-0.6738557951469003,1.296244877983732,-0.12735436441972844,0.28211062878038,0.32800177494350774,1.5088779153959135
-1.3534481528894624,-0.7427288796432903,-0.8025406366046323,0.7654977263581757,2.2510086985891036,2.140948026098346,0.0,1.4839970320089038,-0.7714591717850942,2.2510086985891036,0.7654977263581758,-0.6822935569741491,-0.8644819594121131
0.04216773139655607,-0.023551991653467837,-0.8025406366046323,-0.530074078350007,0.17192843265831848,0.011349606981962414,0.0,-0.6738557951469003,-0.7714591717850942,0.17192843265831848,-0.5300740783500071,-0.6634173887742941,-0.35590484338182177
0.2166197169323084,-0.7427288796432903,-0.8025406366046323,-0.6965989062127235,-0.09530375172445188,-0.03443769255650696,0.0,-0.6738557951469003,-0.7714591717850942,-0.09530375172445188,-0.6965989062127236,-0.827603360121877,-0.8644819594121131
-1.2952974910442117,0.6956248963363546,-0.8025406366046323,-1.194818956173548,-0.8948267655784887,-0.6270201831205499,0.0,-0.6738557951469003,-0.7714591717850942,-0.8948267655784887,-1.1948189561735483,-1.0258918061486917,0.15267227264846966
0.27477037877755917,-0.7427288796432903,0.4382771650173578,-0.4938546837829189,-1.0612822423658006,-1.0847931577052732,0.0,-0.6738557951469003,1.296244877983732,-1.0612822423658006,-0.493854683782919,0.40633871263562255,-0.5254305487252522
1.7866875867540792,-0.7427288796432903,-0.8025406366046323,0.17421663189982317,1.3021451538292574,1.374551612043611,0.0,-0.6738557951469003,-0.7714591717850942,1.3021451538292574,0.1742166318998232,-0.79330539316736,-0.8644819594121131
-0.07413359229394548,0.6956248963363546,-0.8025406366046323,0.12497428134105287,1.2231230580081418,0.9626140951603012,0.0,-0.6738557951469003,-0.7714591717850942,1.2231230580081418,0.1249742813410529,-0.5976247667150684,0.15267227264846966
-1.7023521239609671,-0.023551991653467837,-0.8025406366046323,-0.36214377530181086,0.44141606572542047,1.2520520634078434,0.0,-0.6738557951469003,-0.7714591717850942,0.4414160657254197,-0.36214377530181024,-1.2326924448688314,-0.35590484338182177
1.2633316301468223,-0.7427288796432903,-0.8025406366046323,-0.7172670725927727,-0.12847117378286355,0.24729496961983852,0.0,-0.6738557951469003,-0.7714591717850942,-0.12847117378286355,-0.7172670725927728,-1.0386293043035437,-0.8644819594121131
0.7399756735395654,-0.7427288796432903,-0.8025406366046323,-0.8274303519359257,-0.3052566667059361,0.05881132880128789,0.0,1.4839970320089038,1.296244877983732,-0.30525666670593526,-0.8274303519359263,-1.0446630420883112,-0.8644819594121131
0.04216773139655607,0.6956248963363546,0.4382771650173578,-0.3178589936596996,-0.8494592668497082,-0.9701804343702667,0.0,-0.6738557951469003,1.296244877983732,-0.8494592668497082,-0.31785899365969966,0.5297602043612215,0.8307750940221916
-0.0159829304486947,-1.4619057676331129,-0.8025406366046323,-1.5264439045123819,-1.4270048226155392,-1.567215702769686,0.0,-0.6738557951469003,-0.7714591717850942,-1.4270048226155392,-1.526443904512382,-0.6960854613875893,-1.3730590754424046
0.3910717024680607,-0.023551991653467837,0.4382771650173578,0.04312977316419079,-0.41498433929332507,-0.3798132193016924,0.0,-0.6738557951469003,1.296244877983732,-0.41498433929332507,0.043129773164190796,0.3757918312943237,0.15267227264846966
-0.7719415344369548,-1.4619057676331129,0.4382771650173578,-0.6332499413543679,-1.2290540679766646,-1.2011618017507355,0.0,-0.6738557951469003,1.296244877983732,-1.2290540679766646,-0.633249941354368,0.3342167401878989,-1.203533370098974
0.2166197169323084,-1.4619057676331129,0.4382771650173578,0.7713470126974785,0.4614754330571188,0.12904815721952104,0.0,1.4839970320089038,1.296244877983732,0.4614754330571188,0.7713470126974786,0.750966527076632,-1.203533370098974
1.2633316301468223,-1.4619057676331129,-0.8025406366046323,0.1635224433342616,1.2849835605265918,0.8777520031030817,0.0,-0.6738557951469003,-0.7714591717850942,1.2849835605265918,0.16352244333426164,-0.5049085341910463,-1.3730590754424046
1.321482291992073,0.6956248963363546,0.4382771650173578,-0.41649045758029585,-0.9681690497571275,-0.7528796897402481,0.0,1.4839970320089038,-0.7714591717850942,-0.9681690497571275,-0.4164904575802959,0.14804027431019476,0.8307750940221916
-1.004544181817958,-0.7427288796432903,0.4382771650173578,0.32612076520894095,-0.07438512383980211,-0.1773933470216759,0.0,-0.6738557951469003,-0.7714591717850942,-0.07438512383980211,0.326120765208941,0.5260927211075483,-0.5254305487252522
0.10031839324180684,-0.7427288796432903,-0.8025406366046323,-1.4939196724896802,-1.3748112747803543,-1.3450954373710957,0.0,-0.6738557951469003,1.296244877983732,-1.3748112747803543,-1.4939196724896804,-0.8620825606360768,-0.8644819594121131
-0.13228425413919626,0.6956248963363546,-0.8025406366046323,-1.1374692946867042,-0.8027943911305404,-0.9761001839384276,0.0,-0.6738557951469003,-0.7714591717850942,-0.8027943911305404,-1.1374692946867044,-0.6578130083730207,0.15267227264846966
-1.6442014621157164,0.6956248963363546,-0.8025406366046323,-1.35920258920582,-1.1586228486959236,-1.1271241829339202,0.0,-0.6738557951469003,-0.7714591717850942,-1.1586228486959236,-1.3592025892058202,-0.851580766068784,0.15267227264846966
1.5540849393730762,-0.7427288796432903,-0.8025406366046323,0.1221995086167117,1.218670217036567,1.4131374139847672,0.0,-0.6738557951469003,-0.7714591717850942,1.218670217036568,0.12219950861671103,-0.8627728936327947,-0.8644819594121131
0.565523688003813,-0.023551991653467837,-0.8025406366046323,-0.5497351634180742,0.14037713320640366,0.2384338676379601,0.0,-0.6738557951469003,-0.7714591717850942,0.14037713320640366,-0.5497351634180742,-0.8441215002033499,-0.35590484338182177
0.5073730261585623,0.6956248963363546,-0.8025406366046323,-0.9758408503690971,-0.5434197213726413,-0.8968392566791183,0.0,-0.6738557951469003,-0.7714591717850942,-0.5434197213726413,-0.9758408503690968,-0.4969216495526078,0.15267227264846966
0.9144276590753176,0.6956248963363546,-0.8025406366046323,-0.5546334819102473,0.13251651345818774,0.006459701206009865,0.0,-0.6738557951469003,-0.7714591717850942,0.13251651345818774,-0.5546334819102474,-0.6887982980211819,0.15267227264846966
1.612235601218327,1.414801784326177,-0.8025406366046323,-1.0374360495704775,-0.6422651598657317,-0.29795916019149876,0.0,1.4839970320089038,1.296244877983732,-0.6422651598657325,-1.0374360495704773,-1.0592316410521116,0.6612493886787612
1.1470303064563208,-0.023551991653467837,-0.8025406366046323,-1.417223999815002,-1.251733218465192,-1.2209955559359267,0.0,-0.6738557951469003,-0.7714591717850942,-1.251733218465192,-1.4172239998150022,-0.8559664320204222,-0.35590484338182177
-0.6556402107464532,1.414801784326177,0.4382771650173578,0.3048640524302996,-0.09996904664671956,-0.11865891059914965,0.0,-0.6738557951469003,-0.7714591717850942,-0.09996904664672039,0.30486405243030035,0.4425448625227968,1.5088779153959135
0.4492223643133115,0.6956248963363546,-0.8025406366046323,-1.2082739623906875,-0.9164188053267844,-1.343124657164424,0.0,-0.6738557951469003,-0.7714591717850942,-0.9164188053267844,-1.2082739623906877,-0.4072379081335765,0.15267227264846966
-0.4230375633654501,-1.4619057676331129,0.4382771650173578,-0.22140411064691276,-0.733369149480808,-0.7008021932263495,0.0,1.4839970320089038,-0.7714591717850942,-0.733369149480808,-0.2214041106469128,0.36110637159834674,-1.203533370098974
1.4959342775278255,0.6956248963363546,-0.8025406366046323,-0.858843484583273,-0.3556671680311597,-0.2273667022622845,0.0,-0.6738557951469003,-0.7714591717850942,-0.3556671680311597,-0.8588434845832731,-0.8869444317940274,0.15267227264846966
1.4377836156825747,-0.023551991653467837,-0.8025406366046323,-1.2862935786177452,-1.041621471719872,-1.1411270949286945,0.0,1.4839970320089038,1.296244877983732,-1.041621471719872,-1.2862935786177454,-0.7284205055048902,-0.35590484338182177
-1.1789961673537102,1.414801784326177,0.4382771650173578,0.44521095214861306,0.06894814605258909,-0.031196277742900434,0.0,1.4839970320089038,-0.7714591717850942,0.06894814605258909,0.4452109521486131,0.5259381811849344,1.5088779153959135
0.6818250116943146,1.414801784326177,0.4382771650173578,1.8181129162641425,1.7213305363669977,1.5853954583649281,0.0,-0.6738557951469003,-0.7714591717850942,1.7213305363669977,1.818112916264143,0.5752095998670098,1.5088779153959135
1.2051809683015715,0.6956248963363546,0.4382771650173578,0.6667785741547303,0.3356200909081788,0.22443466011725777,0.0,1.4839970320089038,1.296244877983732,0.3356200909081788,0.6667785741547304,0.5407656011695688,0.8307750940221916
0.10031839324180684,-1.4619057676331129,-0.8025406366046323,-0.49324042604228113,0.23103756065635894,0.23095083001112274,0.0,-0.6738557951469003,-0.7714591717850942,0.23103756065635894,-0.49324042604228124,-0.7753392121900092,-1.3730590754424046
0.27477037877755917,-1.4619057676331129,0.4382771650173578,1.1165348845283316,0.8769328915442356,0.6251735518788206,0.0,-0.6738557951469003,1.296244877983732,0.8769328915442356,1.1165348845283318,0.6691016712806176,-1.203533370098974
-1.1789961673537102,-1.4619057676331129,0.4382771650173578,-0.9682415803148072,-1.632239655577887,-1.4196405691358696,0.0,-0.6738557951469003,1.296244877983732,-1.632239655577887,-0.9682415803148073,0.0670115460577893,-1.203533370098974
0.6236743498490638,-1.4619057676331129,0.4382771650173578,0.3334299397905504,-0.06558802711908623,-0.025617339789427363,0.0,1.4839970320089038,1.296244877983732,-0.06558802711908623,0.33342993979055047,0.38795494938418257,-1.203533370098974
-0.19043491598444703,-0.7427288796432903,0.4382771650173578,1.2165488388086794,0.9973065971387383,0.5215964568063628,0.0,-0.6738557951469003,1.296244877983732,0.9973065971387383,1.2165488388086796,0.8693519797268028,-0.5254305487252522
1.7285369249088285,0.6956248963363546,-0.8025406366046323,-1.9568718820781414,-2.1177379111324175,-2.1117289377664843,0.0,-0.6738557951469003,-0.7714591717850942,-2.1177379111324175,-1.9568718820781419,-0.8892724318204399,0.15267227264846966
-1.4115988147347134,-0.023551991653467837,0.4382771650173578,0.9980563167651189,0.7343357475975978,1.584017394009886,0.0,1.4839970320089038,-0.7714591717850942,0.734335747597597,0.9980563167651197,-0.1632663457730289,0.15267227264846966
-0.8882428581274563,-0.023551991653467837,0.4382771650173578,0.9676225311885055,0.6977065834825918,0.7084575379810744,0.0,-0.6738557951469003,1.296244877983732,0.6977065834825918,0.9676225311885056,0.44221073250809495,0.15267227264846966
0.10031839324180684,1.414801784326177,0.4382771650173578,0.03546412856213438,-0.4242104723180578,-0.6347106712954578,0.0,1.4839970320089038,1.296244877983732,-0.4242104723180578,0.035464128562134385,0.6369047978220711,1.5088779153959135
-1.237146829198961,-0.7427288796432903,0.4382771650173578,0.9659013371404381,0.6956350074999814,0.2521737619735738,0.0,1.4839970320089038,-0.7714591717850942,0.6956350074999814,0.9659013371404384,0.8517307172912032,-0.5254305487252522
1.4377836156825747,0.6956248963363546,-0.8025406366046323,-0.9529403707423232,-0.5066699749677331,-0.46200809002657434,0.0,-0.6738557951469003,-0.7714591717850942,-0.5066699749677331,-0.9529403707423237,-0.8318399972874465,0.15267227264846966
-1.4697494765799641,-1.4619057676331129,-0.8025406366046323,-0.9430828708776046,-0.4908510652278992,-0.2734059060376967,0.0,-0.6738557951469003,-0.7714591717850942,-0.4908510652278992,-0.9430828708776048,-0.9585525717762047,-1.3730590754424046
0.4492223643133115,0.6956248963363546,-0.8025406366046323,0.5365299872584474,1.883570702356809,1.6578846070193578,0.0,-0.6738557951469003,1.296244877983732,1.8835707023568071,0.5365299872584481,-0.6211530174113642,0.15267227264846966
0.565523688003813,1.414801784326177,-0.8025406366046323,0.5193582702228018,1.8560142381830598,1.3440563814772128,0.0,1.4839970320089038,1.296244877983732,1.8560142381830598,0.5193582702228019,-0.4534906850225386,0.6612493886787612
0.5073730261585623,1.414801784326177,-0.8025406366046323,-0.1753889292994913,0.7411125499182211,0.8142276817045657,0.0,-0.6738557951469003,1.296244877983732,0.7411125499182211,-0.17538892929949132,-0.8083602859271467,0.6612493886787612
0.9725783209205685,-0.7427288796432903,-0.8025406366046323,-2.1573457373022986,-2.439450096220833,-2.4155699012086513,0.0,-0.6738557951469003,1.296244877983732,-2.439450096220833,-2.157345737302299,-0.9421971626479607,-0.8644819594121131
0.8562769972300669,-0.7427288796432903,-0.8025406366046323,-1.10639518821885,-0.7529279450532423,-0.9459754007792994,0.0,-0.6738557951469003,1.296244877983732,-0.7529279450532423,-1.1063951882188503,-0.6398715116615259,-0.8644819594121131
1.2051809683015715,-0.023551991653467837,-0.8025406366046323,1.0012578332691824,2.629346806898593,2.2247432296226313,0.0,1.4839970320089038,1.296244877983732,2.629346806898593,1.0012578332691817,-0.5306988924165309,-0.35590484338182177
0.10031839324180684,0.6956248963363546,0.4382771650173578,-0.10495996381707556,-0.5932205717192738,-0.4478273632763105,0.0,-0.6738557951469003,-0.7714591717850942,-0.5932205717192738,-0.10495996381707559,0.2538349982144373,0.8307750940221916
0.2166197169323084,1.414801784326177,-0.8025406366046323,-0.5930985291318489,0.07078939010160856,-0.4530877164595319,0.0,-0.6738557951469003,-0.7714591717850942,0.07078939010160856,-0.593098529131849,-0.3728354466647908,0.6612493886787612
-0.36488690152019937,-0.7427288796432903,-0.8025406366046323,-0.2974078052072211,0.54530168397555,0.6657671787673755,0.0,-0.6738557951469003,-0.7714591717850942,0.54530168397555,-0.29740780520722115,-0.8435380305217377,-0.8644819594121131
-1.004544181817958,-0.023551991653467837,-0.8025406366046323,-1.4314264233116283,-1.2745246826765315,-0.7157349282133687,0.0,-0.6738557951469003,-0.7714591717850942,-1.2745246826765315,-1.4314264233116285,-1.2823802101217472,-0.35590484338182177
-0.946393519972707,-0.7427288796432903,0.4382771650173578,-0.7273370355085799,-1.34229438782458,-1.3523710244498623,0.0,-0.6738557951469003,-0.7714591717850942,-1.34229438782458,-0.72733703550858,0.37336869424393765,-0.5254305487252522
1.2051809683015715,0.6956248963363546,-0.8025406366046323,-1.5397293976397746,-1.4483248347398712,-0.8127032415401452,0.0,1.4839970320089038,1.296244877983732,-1.4483248347398712,-1.5397293976397748,-1.3639872942940656,0.15267227264846966
0.3910717024680607,0.6956248963363546,0.4382771650173578,0.19093325524952384,-0.23709263441671688,-0.34147191264933396,0.0,-0.6738557951469003,-0.7714591717850942,-0.23709263441671688,0.19093325524952387,0.5243412779537503,0.8307750940221916
0.10031839324180684,-0.023551991653467837,-0.8025406366046323,0.03445651953731695,1.0778638824082531,1.6433778865506974,0.0,-0.6738557951469003,1.296244877983732,1.0778638824082531,0.03445651953731696,-1.0618208975333057,-0.35590484338182177
-0.36488690152019937,0.6956248963363546,-0.8025406366046323,-1.1197096469174412,-0.7742944399331051,-0.8042570406544083,0.0,-0.6738557951469003,1.296244877983732,-0.7742944399331051,-1.1197096469174415,-0.7820614946893738,0.15267227264846966
-0.30673623967494856,0.6956248963363546,0.4382771650173578,0.8103944789853037,0.5084717571697183,0.26917729796722756,0.0,-0.6738557951469003,1.296244877983732,0.5084717571697183,0.8103944789853038,0.660775590613689,0.8307750940221916
-0.19043491598444703,-1.4619057676331129,0.4382771650173578,0.8454735740668,0.5506918722951066,0.8302495320689564,0.0,1.4839970320089038,-0.7714591717850942,0.5506918722951066,0.8454735740668002,0.21895610531788884,-1.203533370098974
0.10031839324180684,-0.7427288796432903,-0.8025406366046323,0.24825808491571438,1.4209638277667107,1.5841803908690855,0.0,1.4839970320089038,-0.7714591717850942,1.4209638277667116,0.24825808491571374,-0.8394958408533999,-0.8644819594121131
-1.1789961673537102,-1.4619057676331129,-0.8025406366046323,0.5113586420305707,1.8431767643751167,1.32584518693586,0.0,1.4839970320089038,-0.7714591717850942,1.8431767643751167,0.5113586420305707,-0.44982874517946386,-1.3730590754424046
-0.30673623967494856,-1.4619057676331129,-0.8025406366046323,0.8444999732024994,2.3777882501209633,2.201568039823872,0.0,1.4839970320089038,1.296244877983732,2.3777882501209633,0.8444999732024995,-0.6478846492748128,-1.3730590754424046
1.6703862630635777,-1.4619057676331129,0.4382771650173578,-0.35921622971156336,-0.8992355584935193,-0.755224621828262,0.0,-0.6738557951469003,1.296244877983732,-0.8992355584935193,-0.3592162297115634,0.2297487944810873,-1.203533370098974
1.2633316301468223,-1.4619057676331129,-0.8025406366046323,-0.9375476909450021,-0.48196843647322263,-0.4651198482476345,0.0,-0.6738557951469003,-0.7714591717850942,-0.48196843647322263,-0.9375476909450023,-0.8094744365510779,-1.3730590754424046
-0.36488690152019937,1.414801784326177,0.4382771650173578,0.668249515049204,0.3373904699263105,-0.3013191181754293,0.0,-0.6738557951469003,-0.7714591717850942,0.3373904699263105,0.6682495150492042,1.08178619506204,1.5088779153959135
0.565523688003813,-0.7427288796432903,0.4382771650173578,0.768692030786818,0.45827997885103133,0.32522228621297955,0.0,-0.6738557951469003,-0.7714591717850942,0.45827997885103133,0.7686920307868181,0.5623845980106308,-0.5254305487252522
0.04216773139655607,-0.7427288796432903,-0.8025406366046323,-0.44186069191243493,0.31348964159076476,0.1613808069259735,0.0,-0.6738557951469003,1.296244877983732,0.31348964159076476,-0.44186069191243504,-0.6687463128504663,-0.8644819594121131
1.7866875867540792,1.414801784326177,-0.8025406366046323,-1.0708396857163258,-0.6958699392139586,-0.7192171338416993,0.0,1.4839970320089038,1.296244877983732,-0.6958699392139586,-1.070839685716326,-0.7849496339919686,0.6612493886787612
-1.1208455055084594,1.414801784326177,-0.8025406366046323,-0.3409981753924427,0.4753496534455822,0.6657671787673755,0.0,-0.6738557951469003,1.296244877983732,0.4753496534455822,-0.34099817539244276,-0.8890741568555446,0.6612493886787612
1.4959342775278255,-0.7427288796432903,0.4382771650173578,0.17423328417152412,-0.25719220368627077,-0.1418859630349268,0.0,-0.6738557951469003,-0.7714591717850942,-0.25719220368627077,0.17423328417152414,0.30658913902343277,-0.5254305487252522
1.6703862630635777,-0.023551991653467837,-0.8025406366046323,-0.8546408968300782,-0.3489230283148144,-0.4174062221913652,0.0,-0.6738557951469003,-0.7714591717850942,-0.3489230283148144,-0.8546408968300784,-0.7394267968749592,-0.35590484338182177
-0.7719415344369548,-0.023551991653467837,-0.8025406366046323,0.1975534127721189,1.3395950585011709,1.336113989065363,0.0,-0.6738557951469003,-0.7714591717850942,1.3395950585011709,0.19755341277211894,-0.7499478371246251,-0.35590484338182177
1.7866875867540792,1.414801784326177,-0.8025406366046323,-0.1526241305062261,0.7776445613103826,1.322614885544475,0.0,1.4839970320089038,-0.7714591717850942,0.7776445613103826,-0.15262413050622614,-1.0708592173334035,0.6612493886787612
0.9144276590753176,0.6956248963363546,0.4382771650173578,0.02433830021443229,-0.43760117560199363,0.1720793280479073,0.0,-0.6738557951469003,1.296244877983732,-0.43760117560199363,0.024338300214432295,-0.1439425370973842,0.8307750940221916
-0.19043491598444703,-0.7427288796432903,-0.8025406366046323,0.042872190665658456,1.0913690047827245,0.8117234572314254,0.0,-0.6738557951469003,1.296244877983732,1.0913690047827245,0.04287219066565846,-0.5844389425944035,-0.8644819594121131
-1.0626948436632087,-0.7427288796432903,-0.8025406366046323,-1.2560528479868212,-0.9930923928578597,-1.2209955559359267,0.0,-0.6738557951469003,1.296244877983732,-0.9930923928578597,-1.2560528479868214,-0.606335979103723,-0.8644819594121131
-0.13228425413919626,-0.023551991653467837,0.4382771650173578,0.7612386440141913,0.44930931279242176,0.16179941249618804,0.0,-0.6738557951469003,1.296244877983732,0.449309312792421,0.7612386440141922,0.7074524044341366,0.15267227264846966
0.6236743498490638,-1.4619057676331129,0.4382771650173578,1.24133850106952,1.0271426687973897,1.195725535132568,0.0,-0.6738557951469003,-0.7714591717850942,1.0271426687973897,1.2413385010695202,0.3303340480162013,-1.203533370098974
-1.004544181817958,1.414801784326177,-0.8025406366046323,0.14502578595532414,1.2553008866659225,0.8903323970539421,0.0,1.4839970320089038,1.296244877983732,1.2553008866659225,0.14502578595532417,-0.531672857442448,0.6612493886787612
1.4959342775278255,1.414801784326177,-0.8025406366046323,-1.6737839081411598,-1.6634499913152094,-1.2014211149358232,0.0,-0.6738557951469003,1.296244877983732,-1.6634499913152094,-1.67378390814116,-1.2690742980779284,0.6612493886787612
0.9144276590753176,-0.023551991653467837,-0.8025406366046323,-0.4653315704797317,0.27582454246156973,0.48706334950073094,0.0,-0.6738557951469003,1.296244877983732,0.27582454246156973,-0.46533157047973184,-0.911035362630492,-0.35590484338182177
-0.7719415344369548,-0.023551991653467837,-0.8025406366046323,0.4030491299267389,1.6693661207586565,2.0227456673869026,0.0,-0.6738557951469003,-0.7714591717850942,1.6693661207586565,0.40304912992673897,-0.9274681221898593,-0.35590484338182177
0.27477037877755917,-0.7427288796432903,0.4382771650173578,-0.641985553047982,-1.2395679803378084,-1.2419591747132879,0.0,-0.6738557951469003,-0.7714591717850942,-1.2395679803378084,-0.6419855530479821,0.3704073677362895,-0.5254305487252522
0.5073730261585623,-0.023551991653467837,-0.8025406366046323,-1.2796112682500684,-1.0308979752947625,-0.7775996452273188,0.0,-0.6738557951469003,-0.7714591717850942,-1.0308979752947625,-1.279611268250069,-1.0267226707018073,-0.35590484338182177
0.9144276590753176,-0.7427288796432903,0.4382771650173578,-0.20095479850673828,-0.7087569891389472,-0.8977764886195087,0.0,1.4839970320089038,-0.7714591717850942,-0.7087569891389472,-0.2009547985067383,0.6124706411990847,-0.5254305487252522
0.9725783209205685,-1.4619057676331129,-0.8025406366046323,-0.7670979695501351,-0.20843774462145723,-0.2732577270747892,0.0,-0.6738557951469003,-0.7714591717850942,-0.20843774462145806,-0.7670979695501349,-0.7392729809009619,-1.3730590754424046
-0.6556402107464532,-0.7427288796432903,0.4382771650173578,0.5895602312337707,0.2426824789104762,0.40863963338184917,0.0,1.4839970320089038,-0.7714591717850942,0.2426824789104762,0.5895602312337708,0.2916626294208143,-0.5254305487252522
0.8562769972300669,0.6956248963363546,0.4382771650173578,0.9629061563550951,0.6920301004382472,1.205894316462106,0.0,1.4839970320089038,-0.7714591717850942,0.6920301004382472,0.9629061563550954,0.0566588542093419,0.8307750940221916
-0.19043491598444703,0.6956248963363546,-0.8025406366046323,-0.7615738422697006,-0.19957285270770653,0.21951141407465127,0.0,-0.6738557951469003,1.296244877983732,-0.19957285270770653,-0.7615738422697007,-1.071258906836604,0.15267227264846966
-1.2952974910442117,1.414801784326177,-0.8025406366046323,-1.2807402219096944,-1.03270967362468,-0.8930606931249727,0.0,1.4839970320089038,1.296244877983732,-1.03270967362468,-1.2807402219096944,-0.9361055842302465,0.6612493886787612
1.2051809683015715,0.6956248963363546,0.4382771650173578,-0.3554184856554122,-0.8946647110729986,-0.9536325486875533,0.0,1.4839970320089038,-0.7714591717850942,-0.8946647110729986,-0.35541848565541223,0.4557328893057498,0.8307750940221916
0.8562769972300669,-1.4619057676331129,0.4382771650173578,0.2154060552699663,-0.20763792836163664,-0.5503375698158331,0.0,-0.6738557951469003,1.296244877983732,-0.20763792836163664,0.21540605526996634,0.7817910767039835,-1.203533370098974
-0.7719415344369548,-0.023551991653467837,0.4382771650173578,1.7944575434260437,1.6928596604154305,1.871932823413553,0.0,-0.6738557951469003,-0.7714591717850942,1.6928596604154305,1.7944575434260441,0.3506985753082332,0.15267227264846966
0.5073730261585623,-0.023551991653467837,-0.8025406366046323,-0.14389218348508098,0.7916572302098148,1.076163634436445,0.0,-0.6738557951469003,1.296244877983732,0.7916572302098148,-0.143892183485081,-0.9296936699836229,-0.35590484338182177
0.6236743498490638,-0.7427288796432903,0.4382771650173578,1.0702430643855374,0.821217486934968,0.5313873817804862,0.0,-0.6738557951469003,1.296244877983732,0.821217486934968,1.0702430643855376,0.7037554708265782,-0.5254305487252522
0.3910717024680607,1.414801784326177,0.4382771650173578,-0.6697232830648981,-1.2729522552716526,-1.2688758833254656,0.0,-0.6738557951469003,-0.7714591717850942,-1.2729522552716526,-0.6697232830648983,0.36024647338307564,1.5088779153959135
0.6236743498490638,-0.7427288796432903,0.4382771650173578,-0.052470478911342766,-0.5300458492686558,-0.7154719105542081,0.0,-0.6738557951469003,-0.7714591717850942,-0.5300458492686558,-0.05247047891134278,0.6086554976398932,-0.5254305487252522
-1.3534481528894624,0.6956248963363546,-0.8025406366046323,-0.5759379527005098,0.09832797629246055,0.374965964061082,0.0,-0.6738557951469003,-0.7714591717850942,0.09832797629246055,-0.57593795270051,-0.9614089981649057,0.15267227264846966
0.2166197169323084,-1.4619057676331129,0.4382771650173578,1.4383456640897259,1.26425440397515,1.3554809795173945,0.0,-0.6738557951469003,1.296244877983732,1.26425440397515,1.438345664089726,0.39745171384083466,-1.203533370098974
-0.36488690152019937,1.414801784326177,0.4382771650173578,0.5250886452698167,0.16508646979477032,-0.004890807352717078,0.0,-0.6738557951469003,1.296244877983732,0.16508646979477032,0.5250886452698168,0.5949599172519895,1.5088779153959135
-0.6556402107464532,-0.023551991653467837,-0.8025406366046323,-0.8934588959865565,-0.4112165543979408,-0.7915729214295131,0.0,1.4839970320089038,1.296244877983732,-0.4112165543979408,-0.8934588959865567,-0.4769285544313313,-0.35590484338182177
-1.237146829198961,-0.023551991653467837,-0.8025406366046323,-1.1537200941894699,-0.8288730047812968,-0.36133530262710617,0.0,-0.6738557951469003,-0.7714591717850942,-0.8288730047812968,-1.1537200941894699,-1.1623222335082404,-0.35590484338182177
-0.8300921962822055,-1.4619057676331129,-0.8025406366046323,-0.7378939601021258,-0.1615723532099119,-0.13118373743892053,0.0,-0.6738557951469003,-0.7714591717850942,-0.1615723532099119,-0.7378939601021259,-0.8082631531594162,-1.3730590754424046
1.6703862630635777,0.6956248963363546,0.4382771650173578,0.8578141387272927,0.5655445946777068,0.24390537584332547,0.0,-0.6738557951469003,-0.7714591717850942,0.5655445946777068,0.857814138727293,0.7380526252158562,0.8307750940221916
1.1470303064563208,1.414801784326177,-0.8025406366046323,-0.07206794526534059,0.9069178091723284,0.5765486252006705,0.0,-0.6738557951469003,-0.7714591717850942,0.9069178091723284,-0.0720679452653406,-0.5486811128252337,0.6612493886787612
-0.30673623967494856,1.414801784326177,0.4382771650173578,0.017111331565657455,-0.44629933180157566,-0.5028610301002169,0.0,1.4839970320089038,1.296244877983732,-0.44629933180157566,0.017111331565657455,0.46904595768727003,1.5088779153959135
1.7285369249088285,-0.023551991653467837,-0.8025406366046323,-0.23291587298171626,0.6487956803056061,0.7927417320829535,0.0,-0.6738557951469003,-0.7714591717850942,0.6487956803056061,-0.2329158729817163,-0.8540967329058123,-0.35590484338182177
-0.713790872591704,-1.4619057676331129,-0.8025406366046323,-0.2337149181669532,0.647513405506034,0.7861329503372716,0.0,1.4839970320089038,-0.7714591717850942,0.647513405506034,-0.23371491816695322,-0.8509409103998636,-1.3730590754424046
1.4959342775278255,1.414801784326177,0.4382771650173578,0.5768834548622418,0.22742510249921674,0.2908484712924736,0.0,1.4839970320089038,-0.7714591717850942,0.22742510249921674,0.5768834548622419,0.3796937608716329,1.5088779153959135
-0.946393519972707,1.414801784326177,0.4382771650173578,0.17550433917082497,-0.25566240115640193,-0.6436014090699177,0.0,-0.6738557951469003,-0.7714591717850942,-0.25566240115640193,0.175504339170825,0.8358953966186123,1.5088779153959135
1.612235601218327,-1.4619057676331129,0.4382771650173578,-0.521174025473344,-1.0941629580353442,-1.106775506852625,0.0,1.4839970320089038,-0.7714591717850942,-1.0941629580353442,-0.5211740254733441,0.39154867944525007,-1.203533370098974
-1.4697494765799641,0.6956248963363546,-0.8025406366046323,0.09096937505379862,1.168553385104075,1.2680257556092913,0.0,-0.6738557951469003,1.296244877983732,1.1685533851040757,0.09096937505379796,-0.8118454818260457,0.15267227264846966
-0.30673623967494856,-1.4619057676331129,-0.8025406366046323,0.027723343515764207,1.0670587588770246,0.5479500853594907,0.0,-0.6738557951469003,1.296244877983732,1.0670587588770246,0.02772334351576421,-0.4228177352681845,-1.3730590754424046
1.321482291992073,-0.7427288796432903,0.4382771650173578,0.6635305896037548,0.3317109170441129,0.3038845155542749,0.0,-0.6738557951469003,1.296244877983732,0.3317109170441129,0.6635305896037549,0.4647431712014639,-0.5254305487252522
-1.3534481528894624,-0.7427288796432903,-0.8025406366046323,-0.4632842498992647,0.27910999819734167,0.8437597490120627,0.0,-0.6738557951469003,1.296244877983732,0.27910999819734167,-0.4632842498992648,-1.117956593007097,-0.8644819594121131
-0.4230375633654501,0.6956248963363546,0.4382771650173578,-0.06358150198226818,-0.5434187333788495,-0.5642849146995174,0.0,1.4839970320089038,-0.7714591717850942,-0.5434187333788495,-0.0635815019822682,0.4276965623428858,0.8307750940221916
-1.2952974910442117,1.414801784326177,-0.8025406366046323,-0.43244049008414914,0.32860679345459726,0.5040891123388224,0.0,-0.6738557951469003,-0.7714591717850942,0.3286067934545981,-0.43244049008414986,-0.8862673169464182,0.6612493886787612
-0.4230375633654501,-0.023551991653467837,-0.8025406366046323,-1.0584705366105718,-0.6760204382301663,-0.637822429516519,0.0,-0.6738557951469003,-0.7714591717850942,-0.6760204382301663,-1.0584705366105716,-0.833983356498646,-0.35590484338182177
-0.5393388870559517,-0.023551991653467837,0.4382771650173578,0.03253221468230332,-0.4277392332868516,-0.4478273632763105,0.0,-0.6738557951469003,-0.7714591717850942,-0.4277392332868516,0.03253221468230332,0.43162486688959,0.15267227264846966
-1.237146829198961,0.6956248963363546,-0.8025406366046323,0.6174734844032834,2.013465492408339,1.7608838041364763,0.0,1.4839970320089038,-0.7714591717850942,2.013465492408339,0.6174734844032835,-0.6066847121749367,0.15267227264846966
0.8562769972300669,1.414801784326177,0.4382771650173578,0.31526893709243387,-0.08744604891028744,-0.08306261923465605,0.0,-0.6738557951469003,1.296244877983732,-0.08744604891028744,0.3152689370924339,0.42079327509447384,1.5088779153959135
-0.36488690152019937,1.414801784326177,-0.8025406366046323,0.9125666908111137,2.487018914783837,2.3342474832113953,0.0,-0.6738557951469003,-0.7714591717850942,2.487018914783837,0.9125666908111139,-0.6595677121090607,0.6612493886787612
1.5540849393730762,-0.7427288796432903,0.4382771650173578,-1.0914070296273957,-1.7804777853633562,-1.9451053984508868,0.0,1.4839970320089038,-0.7714591717850942,-1.7804777853633562,-1.0914070296273959,0.5717176957819332,-0.5254305487252522
-1.3534481528894624,-0.023551991653467837,0.4382771650173578,2.2165782655337973,2.200911120773717,1.4772729736052774,0.0,1.4839970320089038,1.296244877983732,2.200911120773717,2.2165782655337978,1.021935572632021,0.15267227264846966
0.15846905508705764,-0.023551991653467837,0.4382771650173578,0.14346050173279723,-0.29422937395172893,0.06936907990845904,0.0,-0.6738557951469003,1.296244877983732,-0.29422937395172893,0.14346050173279723,0.07906769734848348,0.15267227264846966
-1.3534481528894624,1.414801784326177,0.4382771650173578,-1.0731720884975362,-1.7585307735599232,-1.4287202350880368,0.0,-0.6738557951469003,1.296244877983732,-1.7585307735599232,-1.0731720884975364,-0.09364597757760221,1.5088779153959135
-1.1208455055084594,-1.4619057676331129,0.4382771650173578,-0.2943400639069825,-0.821152609580507,-0.6404785374266387,0.0,-0.6738557951469003,1.296244877983732,-0.821152609580507,-0.29434006390698253,0.19862328926084744,-1.203533370098974
1.6703862630635777,1.414801784326177,0.4382771650173578,-0.07645573090645076,-0.55891375758249,-0.7270965501943145,0.0,-0.6738557951469003,-0.7714591717850942,-0.55891375758249,-0.07645573090645078,0.588926656865896,1.5088779153959135
-0.7719415344369548,-1.4619057676331129,0.4382771650173578,-0.015483262168457877,-0.48552917786010485,-0.6180294245461276,0.0,1.4839970320089038,-0.7714591717850942,-0.48552917786010485,-0.01548326216845788,0.5498767040650107,-1.203533370098974
-0.6556402107464532,-0.7427288796432903,0.4382771650173578,0.43520349388644486,0.05690347845327778,0.4036163665392788,0.0,-0.6738557951469003,-0.7714591717850942,0.05690347845327778,0.4352034938864449,0.1270460067612365,-0.5254305487252522
-0.24858557782969778,0.6956248963363546,-0.8025406366046323,-0.7711190240878836,-0.21489056731124115,0.07265124393686337,0.0,1.4839970320089038,1.296244877983732,-0.21489056731124115,-0.771119024087884,-0.9880874598160228,0.15267227264846966
-1.5860508002704656,-0.7427288796432903,0.4382771650173578,-0.6424292715905818,-1.2401020262676794,-1.5018687801274053,0.0,1.4839970320089038,-0.7714591717850942,-1.2401020262676794,-0.6424292715905819,0.7122078078706998,-0.5254305487252522
-1.1789961673537102,0.6956248963363546,-0.8025406366046323,-1.2260569467942357,-0.9449562061936547,-0.48073791093810236,0.0,-0.6738557951469003,-0.7714591717850942,-0.9449562061936547,-1.226056946794236,-1.17308483113335,0.15267227264846966
-1.4115988147347134,-0.7427288796432903,0.4382771650173578,-0.4551939137340695,-1.0147513339000467,-0.4598187458496133,0.0,-0.6738557951469003,1.296244877983732,-1.0147513339000467,-0.4551939137340696,-0.18823399500129573,-0.5254305487252522
0.565523688003813,-0.023551991653467837,0.4382771650173578,0.75002638803097,0.4358145878764231,0.5114610157434786,0.0,1.4839970320089038,1.296244877983732,0.4358145878764231,0.7500263880309701,0.3781622607953424,0.15267227264846966
-1.4115988147347134,-1.4619057676331129,0.4382771650173578,0.501860250750477,0.13712949175682304,0.16179941249618804,0.0,-0.6738557951469003,-0.7714591717850942,0.13712949175682304,0.5018602507504771,0.41069137315271287,-1.203533370098974
1.4377836156825747,0.6956248963363546,0.4382771650173578,0.27064512927083006,-0.14115388542044607,-0.17070306684639533,0.0,-0.6738557951469003,-0.7714591717850942,-0.14115388542044607,0.2706451292708301,0.45170563896035093,0.8307750940221916
-1.7023521239609671,1.414801784326177,0.4382771650173578,-0.45475796429710497,-1.0142266386257037,-0.9463088034458418,0.0,-0.6738557951469003,-0.7714591717850942,-1.0142266386257037,-0.4547579642971051,0.3034529088558539,1.5088779153959135
-1.1208455055084594,0.6956248963363546,0.4382771650173578,-0.43423295468240225,-0.9895233711420578,-1.080603397529059,0.0,-0.6738557951469003,1.296244877983732,-0.9895233711420578,-0.4342329546824023,0.4904978977189144,0.8307750940221916
0.9144276590753176,-0.7427288796432903,0.4382771650173578,1.3626727868425783,1.1731768667176623,0.899341677998728,0.0,-0.6738557951469003,-0.7714591717850942,1.1731768667176623,1.3626727868425785,0.6852528923103606,-0.5254305487252522
0.6818250116943146,0.6956248963363546,-0.8025406366046323,0.5079005691362672,1.8376273914367978,1.4111221800892229,0.0,-0.6738557951469003,-0.7714591717850942,1.8376273914367978,0.5079005691362674,-0.5046740646377962,0.15267227264846966
1.612235601218327,-0.7427288796432903,0.4382771650173578,-0.74275739091239,-1.3608538512004378,-1.0834150933502318,0.0,-0.6738557951469003,-0.7714591717850942,-1.3608538512004378,-0.7427573909123901,0.03229148862162793,-0.5254305487252522
0.10031839324180684,0.6956248963363546,0.4382771650173578,1.534025747390333,1.379411996346717,1.195725535132568,0.0,-0.6738557951469003,-0.7714591717850942,1.3794119963467164,1.5340257473903338,0.6104706897291656,0.8307750940221916
-0.8300921962822055,1.414801784326177,0.4382771650173578,0.7644850747440397,0.4532166165253812,0.48794501433003223,0.0,1.4839970320089038,1.296244877983732,0.4532166165253812,0.7644850747440398,0.41379205029590194,1.5088779153959135
-1.237146829198961,-0.7427288796432903,-0.8025406366046323,-0.10260258262831343,0.8579170808931204,0.5613158278137622,0.0,1.4839970320089038,1.296244877983732,0.8579170808931204,-0.10260258262831344,-0.5708261400568685,-0.8644819594121131
0.7981263353848161,1.414801784326177,-0.8025406366046323,-0.9517219990744433,-0.5047147823014114,-0.060502372131963814,0.0,1.4839970320089038,-0.7714591717850942,-0.5047147823014114,-0.9517219990744434,-1.1138706113863575,0.6612493886787612
-0.4230375633654501,0.6956248963363546,0.4382771650173578,-0.18974330477539064,-0.695263181645756,-0.1364403861480695,0.0,-0.6738557951469003,1.296244877983732,-0.695263181645756,-0.18974330477539067,-0.1398615164707838,0.8307750940221916
-1.1789961673537102,-1.4619057676331129,0.4382771650173578,-0.35049688916371324,-0.8887412295807453,-1.1404158359067378,0.0,1.4839970320089038,-0.7714591717850942,-0.8887412295807453,-0.3504968891637133,0.6910601040840662,-1.203533370098974
-1.4697494765799641,1.414801784326177,0.4382771650173578,0.5323261974926828,0.17379736405716548,0.05821120400151189,0.0,-0.6738557951469003,1.296244877983732,0.17379736405716548,0.532326197492683,0.5425182130886544,1.5088779153959135
0.7981263353848161,-1.4619057676331129,0.4382771650173578,-0.6275756504548256,-1.2222246667484675,-1.1113431233842541,0.0,-0.6738557951469003,-0.7714591717850942,-1.2222246667484675,-0.6275756504548257,0.23670370925602172,-1.203533370098974
-1.2952974910442117,1.414801784326177,-0.8025406366046323,-1.280852478156778,-1.032889817826021,-1.1292135063109188,0.0,-0.6738557951469003,-0.7714591717850942,-1.032889817826021,-1.2808524781567783,-0.73115297209129,0.6612493886787612
-1.7023521239609671,-1.4619057676331129,0.4382771650173578,1.344685548254273,1.1515279820408546,1.2985024638053242,0.0,-0.6738557951469003,-0.7714591717850942,1.1515279820408546,1.3446855482542732,0.35186202274779116,-1.203533370098974
-1.5279001384252149,0.6956248963363546,-0.8025406366046323,-0.2197896318611553,0.6698601313691688,1.3817827454335045,0.0,-0.6738557951469003,-0.7714591717850942,0.6698601313691688,-0.21978963186115535,-1.1636590202749775,0.15267227264846966
-1.5279001384252149,0.6956248963363546,-0.8025406366046323,-0.7597559301858199,-0.1966555422776259,0.14414759353981255,0.0,1.4839970320089038,1.296244877983732,-0.1966555422776259,-0.75975593018582,-1.0214467636674662,0.15267227264846966
-0.713790872591704,-1.4619057676331129,-0.8025406366046323,-1.16959973566453,-0.8543559993176666,-0.3529039196376606,0.0,-0.6738557951469003,1.296244877983732,-0.8543559993176666,-1.1695997356645302,-1.1881821578711018,-1.3730590754424046
0.2166197169323084,0.6956248963363546,0.4382771650173578,0.6005557438284596,0.2559163381799902,0.4446915750572847,0.0,1.4839970320089038,1.296244877983732,0.2559163381799902,0.6005557438284597,0.2731907608505194,0.8307750940221916
0.10031839324180684,0.6956248963363546,-0.8025406366046323,0.15537165473201084,1.2719035107191392,0.9262954313516331,0.0,-0.6738557951469003,-0.7714591717850942,1.27190351071914,0.1553716547320102,-0.5443671635332279,0.15267227264846966
-1.1208455055084594,-0.7427288796432903,-0.8025406366046323,-0.4214834418916998,0.34619021305896824,0.06368641668095071,0.0,-0.6738557951469003,-0.7714591717850942,0.3461902130589674,-0.4214834418916992,-0.5745955676758918,-0.8644819594121131
-1.0626948436632087,0.6956248963363546,-0.8025406366046323,-0.8612194236734202,-0.3594799772150485,-0.31612590104397714,0.0,-0.6738557951469003,-0.7714591717850942,-0.3594799772150485,-0.86121942367342,-0.8249518904536493,0.15267227264846966
0.9725783209205685,-0.7427288796432903,-0.8025406366046323,-0.6087304094305952,0.04570399249538636,-0.13118373743892053,0.0,-0.6738557951469003,-0.7714591717850942,0.04570399249538636,-0.6087304094305953,-0.6518226349876459,-0.8644819594121131
-1.3534481528894624,-1.4619057676331129,-0.8025406366046323,-0.23813524609959227,0.6404198453187141,0.6644187502049159,0.0,-0.6738557951469003,1.296244877983732,0.6404198453187141,-0.2381352460995923,-0.7807750612311309,-1.3730590754424046
0.9725783209205685,-0.7427288796432903,-0.8025406366046323,-1.1921861382019832,-0.8906017277468712,-1.0284073578448338,0.0,-0.6738557951469003,-0.7714591717850942,-0.890601727746872,-1.1921861382019832,-0.6907156167987422,-0.8644819594121131
-0.48118822521070087,0.6956248963363546,-0.8025406366046323,-0.9676659335633072,-0.5303009516180219,-0.3343963671704928,0.0,-0.6738557951469003,-0.7714591717850942,-0.5303009516180219,-0.9676659335633073,-0.945678170984791,0.15267227264846966
1.0307289827658193,-0.023551991653467837,0.4382771650173578,0.5590462333061458,0.20595677368783094,-0.17691546986629833,0.0,-0.6738557951469003,-0.7714591717850942,0.20595677368783094,0.5590462333061459,0.8103361756421953,0.15267227264846966
-0.7719415344369548,0.6956248963363546,-0.8025406366046323,-0.7263644314351904,-0.14307024052129133,-0.22004666149464744,0.0,1.4839970320089038,1.296244877983732,-0.14307024052129216,-0.7263644314351898,-0.7288383680935888,0.15267227264846966
1.321482291992073,-1.4619057676331129,0.4382771650173578,0.44899160417236655,0.07349842203094807,0.41167359764738415,0.0,-0.6738557951469003,-0.7714591717850942,0.07349842203094807,0.4489916041723666,0.13551170453301056,-1.203533370098974
-1.237146829198961,1.414801784326177,-0.8025406366046323,0.5041314095253777,1.831578799349763,1.5965977879607476,0.0,1.4839970320089038,1.296244877983732,1.831578799349763,0.5041314095253778,-0.6157828363214833,0.6612493886787612
0.4492223643133115,-0.023551991653467837,-0.8025406366046323,0.4578380355614564,1.7572890996959314,1.6690276650300142,0.0,-0.6738557951469003,1.296244877983732,1.7572890996959314,0.4578380355614565,-0.697439080314678,-0.35590484338182177
1.612235601218327,-0.7427288796432903,-0.8025406366046323,-1.1913673037854113,-0.8892876960039974,-0.7696720707117594,0.0,-0.6738557951469003,-0.7714591717850942,-0.8892876960039974,-1.1913673037854116,-0.9103460624491265,-0.8644819594121131
0.7981263353848161,-0.7427288796432903,0.4382771650173578,1.4895072769141906,1.3258309406113207,1.492398341244077,0.0,1.4839970320089038,-0.7714591717850942,1.3258309406113198,1.4895072769141915,0.34480763476470383,-0.5254305487252522
-0.30673623967494856,-0.023551991653467837,-0.8025406366046323,-1.4056438693506081,-1.233149902096364,-1.1308582927991935,0.0,-0.6738557951469003,-0.7714591717850942,-1.233149902096364,-1.4056438693506084,-0.9185665264557205,-0.35590484338182177
-0.24858557782969778,1.414801784326177,0.4382771650173578,-0.05757656967384305,-0.5361913823655787,-0.8313293371776389,0.0,1.4839970320089038,-0.7714591717850942,-0.5361913823655787,-0.05757656967384306,0.7367583130334957,1.5088779153959135
0.8562769972300669,1.414801784326177,0.4382771650173578,0.9900404467445031,0.724688094078762,0.5596265876366153,0.0,-0.6738557951469003,1.296244877983732,0.724688094078762,0.9900404467445032,0.5930229416676479,1.5088779153959135
-0.30673623967494856,-0.023551991653467837,-0.8025406366046323,0.6590848728202476,2.080241734513405,1.5570784585532729,0.0,-0.6738557951469003,-0.7714591717850942,2.080241734513405,0.6590848728202477,-0.4530579868801778,-0.35590484338182177
1.2051809683015715,0.6956248963363546,-0.8025406366046323,-0.8939691649812015,-0.4120354130619131,-0.3409014236421385,0.0,1.4839970320089038,-0.7714591717850942,-0.41203541306191227,-0.893969164981202,-0.8478020164459706,0.15267227264846966
-1.6442014621157164,-1.4619057676331129,-0.8025406366046323,0.061038880935447376,1.1205221610184009,1.32584518693586,0.0,1.4839970320089038,-0.7714591717850942,1.1205221610184009,0.06103888093544738,-0.8721513845540224,-1.3730590754424046
0.33292104062280997,-0.023551991653467837,-0.8025406366046323,0.39162288638868137,1.6510297557904146,1.6690276650300142,0.0,-0.6738557951469003,1.296244877983732,1.6510297557904137,0.3916228863886821,-0.7564030918285911,-0.35590484338182177
-1.4115988147347134,-1.4619057676331129,-0.8025406366046323,-0.8719726867591893,-0.37673637087438777,-0.6699031749860281,0.0,1.4839970320089038,1.296244877983732,-0.37673637087438777,-0.8719726867591894,-0.5550867373137639,-1.3730590754424046
-1.237146829198961,-0.7427288796432903,0.4382771650173578,0.08958928871918713,-0.3590671016666228,-0.5045169300107109,0.0,-0.6738557951469003,1.296244877983732,-0.3590671016666228,0.08958928871918714,0.5656622686038795,-0.5254305487252522
-0.48118822521070087,-1.4619057676331129,-0.8025406366046323,-0.6670336480113671,-0.047858643193832796,0.1767617832757893,0.0,1.4839970320089038,1.296244877983732,-0.047858643193833615,-0.6670336480113669,-0.9364927139850406,-1.3730590754424046
1.7866875867540792,-1.4619057676331129,-0.8025406366046323,1.0834664046678484,2.7612717360026395,2.6713398059300437,0.0,-0.6738557951469003,1.296244877983732,2.7612717360026395,1.0834664046678484,-0.6890415815356239,-1.3730590754424046
-0.5974895489012024,-0.7427288796432903,-0.8025406366046323,0.01142572415752927,1.0409050106507811,0.5040891123388224,0.0,1.4839970320089038,-0.7714591717850942,1.0409050106507811,0.011425724157529273,-0.4092821955720342,-0.8644819594121131
1.612235601218327,0.6956248963363546,-0.8025406366046323,0.034507033382635666,1.0779449449464908,0.9448770733002546,0.0,-0.6738557951469003,1.296244877983732,1.0779449449464908,0.03450703338263567,-0.676653581404847,0.15267227264846966
-1.5860508002704656,-0.7427288796432903,-0.8025406366046323,-1.1053862599119435,-0.7513088584653703,-1.1292135063109188,0.0,1.4839970320089038,1.296244877983732,-0.7513088584653703,-1.1053862599119437,-0.46561626671146245,-0.8644819594121131
1.4959342775278255,-0.023551991653467837,0.4382771650173578,0.6235733757047364,0.2836196488119348,0.1403838478819572,0.0,-0.6738557951469003,-0.7714591717850942,0.2836196488119348,0.6235733757047365,0.5701052542773869,0.15267227264846966
0.9725783209205685,0.6956248963363546,-0.8025406366046323,1.0062872590836223,2.6374178222771034,2.340559907031262,0.0,-0.6738557951469003,1.296244877983732,2.6374178222771034,1.0062872590836223,-0.5867824077927168,0.15267227264846966
0.4492223643133115,1.414801784326177,-0.8025406366046323,-0.18483586857811382,0.725952490895437,0.17151624798885767,0.0,-0.6738557951469003,-0.7714591717850942,0.725952490895437,-0.18483586857811385,-0.38237184598681756,0.6612493886787612
-1.5860508002704656,0.6956248963363546,-0.8025406366046323,-1.2394568949721942,-0.966459891068585,-1.1219379192321515,0.0,1.4839970320089038,-0.7714591717850942,-0.966459891068585,-1.2394568949721947,-0.6753020296938363,0.15267227264846966
-0.713790872591704,1.414801784326177,-0.8025406366046323,-0.41909184732076316,0.35002814551355815,0.38495322616105865,0.0,1.4839970320089038,1.296244877983732,0.35002814551355815,-0.4190918473207632,-0.7954661838555112,0.6612493886787612
-0.07413359229394548,-1.4619057676331129,0.4382771650173578,1.7215653610139487,1.6051288815561209,1.7698782671849713,0.0,-0.6738557951469003,-0.7714591717850942,1.6051288815561209,1.7215653610139492,0.35716951752587517,-1.203533370098974
0.4492223643133115,-0.023551991653467837,-0.8025406366046323,-0.13433266546819753,0.8069979509544976,0.9673261861807667,0.0,1.4839970320089038,1.296244877983732,0.8069979509544976,-0.13433266546819755,-0.8580564948743201,-0.35590484338182177
0.4492223643133115,-1.4619057676331129,-0.8025406366046323,-0.7072105956716533,-0.11233295385903842,-0.2869494632474581,0.0,-0.6738557951469003,-0.7714591717850942,-0.11233295385903842,-0.7072105956716535,-0.6540247464765155,-1.3730590754424046
-0.713790872591704,1.414801784326177,-0.8025406366046323,-0.2828752973319272,0.5686228540011768,0.5040891123388224,0.0,-0.6738557951469003,-0.7714591717850942,0.5686228540011768,-0.2828752973319272,-0.7255423747694538,0.6612493886787612
0.15846905508705764,-0.7427288796432903,0.4382771650173578,0.8941996748854558,0.6093371019224829,0.5459459648861646,0.0,-0.6738557951469003,-0.7714591717850942,0.6093371019224829,0.8941996748854559,0.5028521145630307,-0.5254305487252522
1.5540849393730762,-0.023551991653467837,-0.8025406366046323,0.08867625756146037,1.1648734846088238,1.272189584466996,0.0,1.4839970320089038,-0.7714591717850942,1.164873484608823,0.08867625756146039,-0.81635498332361,-0.35590484338182177
0.565523688003813,-0.7427288796432903,-0.8025406366046323,0.47616541438968485,1.7867001223112249,1.322614885544475,0.0,-0.6738557951469003,-0.7714591717850942,1.786700122311224,0.4761654143896856,-0.4808673414681834,-0.8644819594121131
-0.8300921962822055,-1.4619057676331129,-0.8025406366046323,-0.8812969034861549,-0.3916994898013713,-0.4651198482476345,0.0,1.4839970320089038,-0.7714591717850942,-0.3916994898013713,-0.881296903486155,-0.736467427915575,-1.3730590754424046
-1.7023521239609671,1.414801784326177,0.4382771650173578,0.28498165046245805,-0.12389889141897929,-0.4970487102801642,0.0,1.4839970320089038,-0.7714591717850942,-0.12389889141897929,0.2849816504624581,0.8129840552190766,1.5088779153959135
-1.6442014621157164,1.414801784326177,-0.8025406366046323,0.5682235406431562,1.9344312113304616,2.3139469652930456,0.0,-0.6738557951469003,-0.7714591717850942,1.9344312113304598,0.5682235406431569,-0.9294053421510725,0.6612493886787612
0.9144276590753176,1.414801784326177,0.4382771650173578,-0.06455478035539268,-0.5445901411608026,-0.34147191264933396,0.0,-0.6738557951469003,-0.7714591717850942,-0.5445901411608034,-0.06455478035539201,0.20130970760697178,1.5088779153959135
1.6703862630635777,1.414801784326177,-0.8025406366046323,-1.4056990739766877,-1.2332384922063475,-1.567215702769686,0.0,-0.6738557951469003,-0.7714591717850942,-1.2332384922063475,-1.405699073976688,-0.4908958236861193,0.6612493886787612
-1.2952974910442117,-0.7427288796432903,0.4382771650173578,-0.08264703379798194,-0.5663654184719545,-0.44977221216447366,0.0,-0.6738557951469003,1.296244877983732,-0.5663654184719545,-0.08264703379798195,0.28463816390828545,-0.5254305487252522
0.10031839324180684,-1.4619057676331129,-0.8025406366046323,-0.5531028215132112,0.134972854213486,-0.11039422894297582,0.0,1.4839970320089038,-0.7714591717850942,0.134972854213486,-0.5531028215132113,-0.6002966018124687,-1.3730590754424046
-1.1208455055084594,1.414801784326177,-0.8025406366046323,-1.4028543793016297,-1.2286734433684379,-1.3344858236269068,0.0,1.4839970320089038,-0.7714591717850942,-1.2286734433684379,-1.4028543793016301,-0.7267391660049676,0.6612493886787612
-0.19043491598444703,1.414801784326177,0.4382771650173578,0.33403968265470574,-0.06485415944485706,-0.24824141366190333,0.0,-0.6738557951469003,1.296244877983732,-0.06485415944485706,0.3340396826547058,0.6075678494380194,1.5088779153959135
-0.24858557782969778,-0.7427288796432903,0.4382771650173578,-1.2643312258257682,-1.9886040056805847,-2.0202654729117273,0.0,1.4839970320089038,-0.7714591717850942,-1.9886040056805847,-1.2643312258257684,0.355477624019303,-0.5254305487252522
-0.8882428581274563,-1.4619057676331129,-0.8025406366046323,-0.6402778449946026,-0.004922032618384915,-0.18101632266476853,0.0,1.4839970320089038,-0.7714591717850942,-0.004922032618384915,-0.6402778449946027,-0.6525630028856065,-1.3730590754424046
-1.4115988147347134,1.414801784326177,-0.8025406366046323,-0.11433718636663937,0.8390858721772388,0.8734399952824674,0.0,1.4839970320089038,1.296244877983732,0.8390858721772388,-0.11433718636663939,-0.78232450605407,0.6612493886787612
0.33292104062280997,1.414801784326177,0.4382771650173578,1.8771576793310711,1.7923949890971922,1.7698782671849713,0.0,-0.6738557951469003,1.296244877983732,1.7923949890971922,1.8771576793310714,0.49369797797878606,1.5088779153959135
-0.6556402107464532,-0.7427288796432903,-0.8025406366046323,-0.7764498325662103,-0.223445229174418,-0.3725969038080886,0.0,1.4839970320089038,1.296244877983732,-0.2234452291744188,-0.7764498325662101,-0.6745013515321125,-0.8644819594121131
1.321482291992073,1.414801784326177,0.4382771650173578,0.3085301614513481,-0.09555663108778722,0.12608087348729496,0.0,-0.6738557951469003,-0.7714591717850942,-0.09555663108778722,0.30853016145134815,0.22076250809635767,1.5088779153959135
0.15846905508705764,-0.7427288796432903,-0.8025406366046323,-0.49703157368798734,0.2249536830767657,0.06684262859088413,0.0,-0.6738557951469003,1.296244877983732,0.2249536830767657,-0.4970315736879874,-0.6649414515907568,-0.8644819594121131
-1.004544181817958,1.414801784326177,0.4382771650173578,1.406344454121862,1.2257387362860022,1.1889352341573236,0.0,-0.6738557951469003,-0.7714591717850942,1.2257387362860022,1.4063444541218622,0.4935293814432389,1.5088779153959135
1.7285369249088285,1.414801784326177,-0.8025406366046323,0.819263953834881,2.337290525743826,2.3616754092456045,0.0,-0.6738557951469003,-0.7714591717850942,2.337290525743826,0.8192639538348813,-0.7487064294505504,0.6612493886787612
-0.946393519972707,1.414801784326177,-0.8025406366046323,-0.5540101944166447,0.1335167395539098,-0.22004666149464744,0.0,-0.6738557951469003,1.296244877983732,0.1335167395539098,-0.5540101944166448,-0.5163079765161042,0.6612493886787612
1.612235601218327,0.6956248963363546,-0.8025406366046323,-0.8829591402835337,-0.3943669789441392,-0.3343963671704928,0.0,-0.6738557951469003,-0.7714591717850942,-0.3943669789441392,-0.8829591402835343,-0.8387354077577599,0.15267227264846966
-0.5974895489012024,1.414801784326177,0.4382771650173578,-0.45862369535690833,-1.0188793131034664,-0.9423079714473349,0.0,-0.6738557951469003,1.296244877983732,-1.0188793131034664,-0.45862369535690845,0.29335964814061843,1.5088779153959135
1.0307289827658193,-0.7427288796432903,-0.8025406366046323,-0.6756598472437335,-0.061701612397721116,-0.13118373743892053,0.0,-0.6738557951469003,-0.7714591717850942,-0.061701612397721116,-0.6756598472437336,-0.7328863397092636,-0.8644819594121131
-0.713790872591704,0.6956248963363546,0.4382771650173578,1.0232958542183084,0.7647132751395576,0.8219033519831829,0.0,-0.6738557951469003,1.296244877983732,0.7647132751395576,1.0232958542183086,0.4063355791979452,0.8307750940221916
0.33292104062280997,-1.4619057676331129,0.4382771650173578,-1.2656142716333891,-1.99014823997691,-2.01476432891378,0.0,1.4839970320089038,-0.7714591717850942,-1.99014823997691,-1.2656142716333894,0.34456663701816864,-1.203533370098974
-1.237146829198961,-0.023551991653467837,-0.8025406366046323,0.02729401980662448,1.0663697978729918,0.30080239312579526,0.0,-0.6738557951469003,1.296244877983732,1.0663697978729918,0.027294019806624485,-0.2417914365736175,-0.35590484338182177
-0.7719415344369548,-0.7427288796432903,-0.8025406366046323,-1.2838432906525383,-1.037689350523813,-1.2976188976554803,0.0,1.4839970320089038,-0.7714591717850942,-1.037689350523813,-1.2838432906525385,-0.5741668881279837,-0.8644819594121131
0.04216773139655607,-0.7427288796432903,-0.8025406366046323,-1.2858184611614272,-1.040859022796671,-0.3409014236421385,0.0,-0.6738557951469003,-0.7714591717850942,-1.040859022796671,-1.2858184611614274,-1.3431857423755995,-0.8644819594121131
-1.237146829198961,-0.7427288796432903,-0.8025406366046323,-1.1773408138846972,-0.8667785627804474,-1.1292135063109188,0.0,-0.6738557951469003,-0.7714591717850942,-0.8667785627804474,-1.1773408138846975,-0.5745066012164208,-0.8644819594121131
-1.004544181817958,-0.7427288796432903,-0.8025406366046323,-1.0579862134970104,-0.6752432164474139,-0.610112963452786,0.0,-0.6738557951469003,1.296244877983732,-0.6752432164474139,-1.0579862134970104,-0.8552649073345505,-0.8644819594121131
1.4377836156825747,-1.4619057676331129,-0.8025406366046323,-0.24442015938468264,0.6303340753624432,0.14414759353981255,0.0,-0.6738557951469003,-0.7714591717850942,0.6303340753624432,-0.2444201593846827,-0.42986543373563085,-1.3730590754424046
1.08887964461107,-0.7427288796432903,0.4382771650173578,1.3960039211082917,1.2132931902057356,0.5724737037207094,0.0,-0.6738557951469003,-0.7714591717850942,1.2132931902057356,1.396003921108292,1.012771618108957,-0.5254305487252522
-0.19043491598444703,-1.4619057676331129,0.4382771650173578,0.9184389033413856,0.63851068845835,0.8430521944641791,0.0,-0.6738557951469003,-0.7714591717850942,0.63851068845835,0.9184389033413857,0.2829917945238251,-1.203533370098974
-1.1208455055084594,0.6956248963363546,0.4382771650173578,0.49436365016009143,0.12810681488218248,-0.1266716880183817,0.0,-0.6738557951469003,1.296244877983732,0.12810681488218248,0.49436365016009154,0.6796295170501984,0.8307750940221916
-0.5974895489012024,-1.4619057676331129,0.4382771650173578,-0.23029809482596605,-0.7440736740727517,-0.5631624590554916,0.0,1.4839970320089038,-0.7714591717850942,-0.7440736740727517,-0.23029809482596608,0.20548310604642175,-1.203533370098974
-0.0159829304486947,-0.023551991653467837,-0.8025406366046323,-0.8481028572881787,-0.338431051768212,-0.34752502328411217,0.0,1.4839970320089038,1.296244877983732,-0.338431051768212,-0.8481028572881792,-0.7848014051412806,-0.35590484338182177
-0.713790872591704,0.6956248963363546,0.4382771650173578,0.8355934118675308,0.5388004143044843,0.09435205305469092,0.0,-0.6738557951469003,-0.7714591717850942,0.5388004143044843,0.835593411867531,0.8597044030589753,0.8307750940221916
0.9144276590753176,1.414801784326177,-0.8025406366046323,0.11835113344572337,1.2124945030816763,1.2637433835812586,0.0,-0.6738557951469003,-0.7714591717850942,1.2124945030816772,0.11835113344572272,-0.7835059175533186,0.6612493886787612
0.04216773139655607,-0.023551991653467837,0.4382771650173578,0.28748629284973215,-0.12088438121873132,-0.010669786906116831,0.0,-0.6738557951469003,-0.7714591717850942,-0.12088438121873132,0.28748629284973215,0.3196061395945291,0.15267227264846966
0.7981263353848161,-0.7427288796432903,-0.8025406366046323,-0.5674446491505751,0.11195767997932457,-0.16034535733914984,0.0,1.4839970320089038,-0.7714591717850942,0.11195767997932539,-0.5674446491505759,-0.5794649180741617,-0.8644819594121131
-0.946393519972707,-0.7427288796432903,0.4382771650173578,0.15382750834028686,-0.28175196507168115,-0.24235129988632345,0.0,-0.6738557951469003,-0.7714591717850942,-0.281751965071682,0.15382750834028758,0.37828560859228544,-0.5254305487252522
-0.24858557782969778,0.6956248963363546,0.4382771650173578,-0.22760467783044644,-0.7408319605859207,-0.807613294164267,0.0,-0.6738557951469003,-0.7714591717850942,-0.7408319605859207,-0.22760467783044647,0.47034999380919945,0.8307750940221916
0.9725783209205685,-0.7427288796432903,-0.8025406366046323,0.4447826545477644,1.7363383620130541,1.32584518693586,0.0,-0.6738557951469003,-0.7714591717850942,1.7363383620130532,0.4447826545477651,-0.5122655937963895,-0.8644819594121131
0.9725783209205685,-0.7427288796432903,-0.8025406366046323,0.518570101785454,1.8547494179404744,1.6690276650300142,0.0,1.4839970320089038,-0.7714591717850942,1.8547494179404735,0.5185701017854548,-0.6433577062358911,-0.8644819594121131
-0.0159829304486947,0.6956248963363546,0.4382771650173578,-0.35986411448678063,-0.900015332593567,-1.0013869239586208,0.0,1.4839970320089038,1.296244877983732,-0.900015332593567,-0.3598641144867807,0.5055077085227003,0.8307750940221916
0.9725783209205685,-0.7427288796432903,-0.8025406366046323,0.3412635143438465,1.5702151099000101,1.3831163560996722,0.0,-0.6738557951469003,1.296244877983732,1.5702151099000101,0.34126351434384655,-0.6427791638419829,-0.8644819594121131
0.9144276590753176,1.414801784326177,0.4382771650173578,0.3291836984588993,-0.0706986720047651,0.13752769837191228,0.0,-0.6738557951469003,-0.7714591717850942,-0.0706986720047651,0.32918369845889933,0.23443593337466898,1.5088779153959135
1.0307289827658193,0.6956248963363546,0.4382771650173578,-0.382008059128963,-0.9266671002617792,-0.9217814806105503,0.0,-0.6738557951469003,1.296244877983732,-0.9266671002617792,-0.38200805912896313,0.38064111095646214,0.8307750940221916
-1.1789961673537102,1.414801784326177,0.4382771650173578,1.2641553968466106,1.0546043796617872,1.1889352341573236,0.0,1.4839970320089038,-0.7714591717850942,1.0546043796617872,1.2641553968466108,0.3572912324365498,1.5088779153959135
0.4492223643133115,0.6956248963363546,-0.8025406366046323,-0.9906056105268145,-0.5671136002943316,-0.5838556512255474,0.0,-0.6738557951469003,-0.7714591717850942,-0.5671136002943316,-0.9906056105268147,-0.7860666976627461,0.15267227264846966
1.612235601218327,-0.023551991653467837,0.4382771650173578,1.03726737403198,0.7815289647586725,0.9421283535383174,0.0,-0.6738557951469003,1.296244877983732,0.7815289647586725,1.0372673740319802,0.3248819340502298,0.15267227264846966
1.0307289827658193,0.6956248963363546,-0.8025406366046323,0.2690093660673701,1.454264628986994,1.5080164039345438,0.0,-0.6738557951469003,-0.7714591717850942,1.4542646289869932,0.2690093660673708,-0.7795874761249934,0.15267227264846966
0.2166197169323084,-0.7427288796432903,-0.8025406366046323,-1.063011710782563,-0.6833079274845878,-0.9262379629199986,0.0,1.4839970320089038,-0.7714591717850942,-0.6833079274845878,-1.0630117107825636,-0.5950954400804509,-0.8644819594121131
-1.5860508002704656,-0.7427288796432903,-0.8025406366046323,-0.8690733738056466,-0.37208367287296285,-0.7192171338416993,0.0,-0.6738557951469003,-0.7714591717850942,-0.37208367287296285,-0.8690733738056468,-0.5079945070013073,-0.8644819594121131
-1.5279001384252149,1.414801784326177,0.4382771650173578,1.1803034983605083,0.9536828251193774,0.7924861233719384,0.0,1.4839970320089038,-0.7714591717850942,0.9536828251193774,1.1803034983605085,0.5907711455358842,1.5088779153959135
-1.004544181817958,-0.7427288796432903,-0.8025406366046323,-0.03294812368427893,0.9696956874499736,0.7445687512416709,0.0,-0.6738557951469003,1.296244877983732,0.9696956874499736,-0.032948123684278935,-0.618835971544578,-0.8644819594121131
1.4959342775278255,1.414801784326177,-0.8025406366046323,-0.18931887706866987,0.7187583435306643,0.8038551543010285,0.0,1.4839970320089038,-0.7714591717850942,0.7187583435306643,-0.1893188770686699,-0.8162755527766751,0.6612493886787612
1.1470303064563208,0.6956248963363546,0.4382771650173578,0.8339828909280407,0.5368620410562819,1.029713234038965,0.0,-0.6738557951469003,-0.7714591717850942,0.5368620410562819,0.8339828909280408,0.057728398584895445,0.8307750940221916
-1.4697494765799641,1.414801784326177,-0.8025406366046323,-0.6972957803295124,-0.09642206660193561,-0.5175603832206581,0.0,-0.6738557951469003,-0.7714591717850942,-0.09642206660193561,-0.6972957803295126,-0.4531608336062861,0.6612493886787612
-1.2952974910442117,-0.023551991653467837,-0.8025406366046323,0.15729461098755515,1.2749893917090016,1.4831964276475114,0.0,-0.6738557951469003,-0.7714591717850942,1.2749893917090025,0.15729461098755448,-0.868234143422612,-0.35590484338182177
-0.5974895489012024,-0.7427288796432903,-0.8025406366046323,-0.35564481582712537,0.45184532818991546,0.3992524960816485,0.0,-0.6738557951469003,-0.7714591717850942,0.45184532818991546,-0.3556448158271254,-0.7353430118000985,-0.8644819594121131
-0.07413359229394548,-1.4619057676331129,0.4382771650173578,0.888425851481643,0.6023879064470494,0.6251735518788206,0.0,-0.6738557951469003,1.296244877983732,0.6023879064470494,0.8884258514816431,0.42912970195695666,-1.203533370098974
-1.1208455055084594,-0.023551991653467837,-0.8025406366046323,0.1343851309251962,1.2382252017758066,1.3506058916377317,0.0,-0.6738557951469003,1.296244877983732,1.2382252017758066,0.1343851309251962,-0.8171497559898249,-0.35590484338182177
0.10031839324180684,-0.023551991653467837,0.4382771650173578,0.8709637751168986,0.5813710907984405,0.6814296951467156,0.0,-0.6738557951469003,-0.7714591717850942,0.5813710907984405,0.8709637751168987,0.3640817676318742,0.15267227264846966
1.5540849393730762,0.6956248963363546,0.4382771650173578,0.9171438667254449,0.6369520223955686,0.5914332020247456,0.0,-0.6738557951469003,1.296244877983732,0.6369520223955686,0.917143866725445,0.48806364534149366,0.8307750940221916
-1.7023521239609671,-1.4619057676331129,0.4382771650173578,0.7007322629795517,0.3764857018307289,-0.056834942799999906,0.0,-0.6738557951469003,-0.7714591717850942,0.3764857018307289,0.7007322629795518,0.8558365032649888,-1.203533370098974
0.15846905508705764,-1.4619057676331129,0.4382771650173578,-0.6299909334686049,-1.2251316267673975,-1.0371165763897319,0.0,1.4839970320089038,-0.7714591717850942,-1.2251316267673975,-0.629990933468605,0.1488388921499551,-1.203533370098974
0.7399756735395654,-1.4619057676331129,-0.8025406366046323,-0.8812238152584245,-0.3915822008241081,-0.31612590104397714,0.0,1.4839970320089038,-0.7714591717850942,-0.3915822008241081,-0.8812238152584246,-0.8501116832856668,-1.3730590754424046
-0.8300921962822055,-0.023551991653467837,0.4382771650173578,0.586682876997665,0.23921938424333392,0.29521604622417735,0.0,1.4839970320089038,-0.7714591717850942,0.23921938424333392,0.5866828769976651,0.38677288930258963,0.15267227264846966
-0.7719415344369548,-0.023551991653467837,0.4382771650173578,-0.6058511202474258,-1.196077693336795,-1.1236345683574447,0.0,1.4839970320089038,-0.7714591717850942,-1.1960776933367958,-0.6058511202474253,0.2837937590739136,0.15267227264846966
-0.24858557782969778,-0.023551991653467837,0.4382771650173578,1.6576521245474387,1.5282048846461893,1.4772729736052774,0.0,-0.6738557951469003,1.296244877983732,1.5282048846461893,1.657652124547439,0.5097720554051894,0.15267227264846966
-0.0159829304486947,-0.023551991653467837,0.4382771650173578,-0.43730277751660274,-0.9932181150678455,-0.7067367606908012,0.0,-0.6738557951469003,-0.7714591717850942,-0.9932181150678455,-0.4373027775166028,0.07199145415794546,0.15267227264846966
0.33292104062280997,-0.023551991653467837,0.4382771650173578,0.8419367546904738,0.5464350657583562,0.6251735518788206,0.0,-0.6738557951469003,-0.7714591717850942,0.5464350657583562,0.8419367546904739,0.38022291400537367,0.15267227264846966
-0.24858557782969778,-0.7427288796432903,-0.8025406366046323,-0.6951579863151193,-0.09299142282611572,-0.061450717494573016,0.0,1.4839970320089038,-0.7714591717850942,-0.09299142282611572,-0.6951579863151194,-0.8067832862092335,-0.8644819594121131
-1.3534481528894624,1.414801784326177,-0.8025406366046323,-1.1880389309791464,-0.8839464604244499,-0.9543326942872917,0.0,1.4839970320089038,1.296244877983732,-0.8839464604244499,-1.1880389309791466,-0.7507021564769812,0.6612493886787612
-1.5279001384252149,0.6956248963363546,0.4382771650173578,-0.6145022392525841,-1.2064899129083855,-1.1236345683574447,0.0,-0.6738557951469003,-0.7714591717850942,-1.2064899129083855,-0.6145022392525842,0.2707200701142341,0.8307750940221916
-1.4697494765799641,-1.4619057676331129,-0.8025406366046323,-1.034948528532981,-0.638273288568941,-0.9741442216280473,0.0,-0.6738557951469003,-0.7714591717850942,-0.638273288568941,-1.034948528532981,-0.5102217804509797,-1.3730590754424046
-1.1789961673537102,-1.4619057676331129,0.4382771650173578,2.324690119863317,2.331031208695233,1.9446812852530713,0.0,-0.6738557951469003,-0.7714591717850942,2.331031208695233,2.3246901198633174,0.7555026133457339,-1.203533370098974
0.2166197169323084,1.414801784326177,0.4382771650173578,-0.36271930478379105,-0.903451751428335,-1.1741895260274673,0.0,1.4839970320089038,-0.7714591717850942,-0.903451751428335,-0.3627193047837911,0.7159150736233496,1.5088779153959135
-1.5279001384252149,-0.023551991653467837,-0.8025406366046323,0.16286423884137033,1.2839273010686874,1.6433778865506974,0.0,-0.6738557951469003,1.296244877983732,1.2839273010686874,0.16286423884137036,-0.9470419348689884,-0.35590484338182177
-1.4115988147347134,-0.7427288796432903,0.4382771650173578,-0.721364410952645,-1.3351059214241083,-1.38973434994703,0.0,-0.6738557951469003,-0.7714591717850942,-1.3351059214241083,-0.7213644109526451,0.4308320351971724,-0.5254305487252522
1.2051809683015715,-0.023551991653467837,-0.8025406366046323,-0.7512403454272709,-0.1829900826249687,0.006459701206009865,0.0,1.4839970320089038,-0.7714591717850942,-0.1829900826249687,-0.7512403454272707,-0.920543759095129,-0.35590484338182177
-1.3534481528894624,-0.023551991653467837,0.4382771650173578,-0.8826572885415707,-1.5292330459947094,-1.6464321763401242,0.0,-0.6738557951469003,-0.7714591717850942,-1.5292330459947094,-0.8826572885415708,0.5073034187441008,0.15267227264846966
0.5073730261585623,1.414801784326177,-0.8025406366046323,-1.3547860432151695,-1.1515353576133236,-1.3839775972380675,0.0,-0.6738557951469003,-0.7714591717850942,-1.1515353576133236,-1.3547860432151697,-0.6003708457367496,0.6612493886787612
-1.4115988147347134,-0.7427288796432903,-0.8025406366046323,0.5450480346768963,1.8972401139846313,1.7104288672664156,0.0,-0.6738557951469003,-0.7714591717850942,1.8972401139846322,0.5450480346768958,-0.642726588528225,-0.8644819594121131
-0.8882428581274563,0.6956248963363546,-0.8025406366046323,-0.15961817257284278,0.7664208106954425,1.0327027446156267,0.0,-0.6738557951469003,-0.7714591717850942,0.7664208106954425,-0.1596181725728428,-0.9205911049985105,0.15267227264846966
-1.3534481528894624,1.414801784326177,0.4382771650173578,-0.8924519612614734,-1.541021611489032,-1.1895038218439746,0.0,-0.6738557951469003,1.296244877983732,-1.541021611489032,-0.8924519612614735,-0.07808000912177994,1.5088779153959135
1.4959342775278255,-1.4619057676331129,0.4382771650173578,0.4664852260377279,0.0945532048695498,0.15061930974480423,0.0,-0.6738557951469003,-0.7714591717850942,0.0945532048695498,0.466485226037728,0.3803411379317013,-1.203533370098974
0.8562769972300669,-0.023551991653467837,-0.8025406366046323,0.4778050474872721,1.789331337967641,1.986649272022594,0.0,-0.6738557951469003,-0.7714591717850942,1.789331337967641,0.47780504748727215,-0.8461998651239065,-0.35590484338182177
-1.5279001384252149,-1.4619057676331129,-0.8025406366046323,-0.6095105155885101,0.04445211026673851,-0.12820534028447617,0.0,-0.6738557951469003,1.296244877983732,0.04445211026673851,-0.6095105155885102,-0.6550054978322505,-1.3730590754424046
-1.004544181817958,0.6956248963363546,0.4382771650173578,-0.7248028412025124,-1.3392443098478333,-1.897039847357713,0.0,-0.6738557951469003,-0.7714591717850942,-1.3392443098478333,-0.7248028412025125,1.1841870965232664,0.8307750940221916
-1.4697494765799641,0.6956248963363546,-0.8025406366046323,-0.2081344782219678,0.6885638418386044,0.6644187502049159,0.0,-0.6738557951469003,1.296244877983732,0.6885638418386044,-0.20813447822196782,-0.7494278471095498,0.15267227264846966
-1.3534481528894624,-0.023551991653467837,0.4382771650173578,2.0541281723311617,2.005391207240851,1.9446812852530713,0.0,1.4839970320089038,-0.7714591717850942,2.005391207240851,2.0541281723311617,0.5239571330128185,0.15267227264846966
-0.6556402107464532,-0.023551991653467837,-0.8025406366046323,-0.5554722521450525,0.13117048953539437,-0.45950386555343503,0.0,-0.6738557951469003,-0.7714591717850942,0.13117048953539437,-0.5554722521450526,-0.3185118774358972,-0.35590484338182177
-1.6442014621157164,1.414801784326177,-0.8025406366046323,1.0875193565147707,2.7677757461802948,1.890629304058428,0.0,-0.6738557951469003,-0.7714591717850942,2.7677757461802948,1.0875193565147716,-0.2716345215747098,0.6612493886787612
1.379632953837324,1.414801784326177,-0.8025406366046323,-1.4389223496022803,-1.2865538364209486,-0.9452196880684705,0.0,1.4839970320089038,-0.7714591717850942,-1.2865538364209486,-1.4389223496022805,-1.1216476088054306,0.6612493886787612
0.7981263353848161,-0.7427288796432903,-0.8025406366046323,-1.242595818870479,-0.9714971068442488,-1.0925688487838532,0.0,-0.6738557951469003,1.296244877983732,-0.9714971068442496,-1.2425958188704789,-0.7071847108586934,-0.8644819594121131
0.9144276590753176,-0.023551991653467837,-0.8025406366046323,-0.19602513973560656,0.7079964094423271,0.5040891123388224,0.0,1.4839970320089038,-0.7714591717850942,0.707996409442328,-0.19602513973560726,-0.632211926014214,-0.35590484338182177
0.27477037877755917,0.6956248963363546,0.4382771650173578,-0.30880264983155986,-0.8385593311999756,-1.240336615069449,0.0,-0.6738557951469003,1.296244877983732,-0.8385593311999756,-0.3088026498315599,0.8870301697039646,0.8307750940221916
-0.24858557782969778,-0.7427288796432903,0.4382771650173578,-0.19647325588517,-0.7033631428899956,-0.6961234424725399,0.0,-0.6738557951469003,1.296244877983732,-0.7033631428899956,-0.19647325588517003,0.39011368032250093,-0.5254305487252522
-1.5860508002704656,-0.7427288796432903,0.4382771650173578,0.30025207678619903,-0.10551987805206424,0.04447501413997169,0.0,-0.6738557951469003,-0.7714591717850942,-0.10551987805206424,0.3002520767861991,0.28412644848407603,-0.5254305487252522
-1.5860508002704656,-1.4619057676331129,-0.8025406366046323,-1.5371664723015468,-1.4442119577272663,-2.1117289377664843,0.0,-0.6738557951469003,-0.7714591717850942,-1.4442119577272663,-1.5371664723015472,-0.04736816242451534,-1.3730590754424046
1.5540849393730762,0.6956248963363546,-0.8025406366046323,0.6324231785924986,2.0374561458461073,2.340559907031262,0.0,-0.6738557951469003,-0.7714591717850942,2.0374561458461073,0.6324231785924986,-0.8897785254556666,0.15267227264846966
-0.946393519972707,0.6956248963363546,-0.8025406366046323,-0.2538243246062416,0.6152426583845163,0.50693414842665,0.0,-0.6738557951469003,-0.7714591717850942,0.6152426583845163,-0.25382432460624166,-0.6961997278106412,0.15267227264846966
0.3910717024680607,1.414801784326177,-0.8025406366046323,0.9662187564110513,2.573117539661197,2.140948026098346,0.0,1.4839970320089038,-0.7714591717850942,2.573117539661197,0.9662187564110515,-0.5151543604964244,0.6612493886787612
-0.5393388870559517,0.6956248963363546,0.4382771650173578,-0.36779886331761313,-0.9095653511544933,-0.7109820879781059,0.0,-0.6738557951469003,-0.7714591717850942,-0.9095653511544933,-0.3677988633176132,0.17152538721968025,0.8307750940221916
-1.4115988147347134,-0.023551991653467837,0.4382771650173578,0.5391091544250598,0.18196112147195015,0.09435205305469092,0.0,-0.6738557951469003,-0.7714591717850942,0.18196112147195015,0.5391091544250599,0.516110339295597,0.15267227264846966
-0.36488690152019937,0.6956248963363546,0.4382771650173578,0.9619008634032785,0.6908201608984206,0.5466794507525574,0.0,-0.6738557951469003,-0.7714591717850942,0.6908201608984206,0.9619008634032786,0.5744240154712901,0.8307750940221916
-1.1208455055084594,1.414801784326177,-0.8025406366046323,0.31502891570437574,1.5281149066401654,0.9032239668269093,0.0,-0.6738557951469003,-0.7714591717850942,1.5281149066401654,0.3150289157043758,-0.3693605437933173,0.6612493886787612
-1.2952974910442117,-1.4619057676331129,-0.8025406366046323,-0.26711321854968684,0.5939171887706675,0.46356216598357536,0.0,1.4839970320089038,1.296244877983732,0.5939171887706675,-0.2671132185496869,-0.6817779172266837,-1.3730590754424046
-0.4230375633654501,-0.7427288796432903,0.4382771650173578,-0.0671762818183719,-0.5477452993343886,-0.2752803699184795,0.0,-0.6738557951469003,-0.7714591717850942,-0.5477452993343886,-0.06717628181837192,0.13515133034358462,-0.5254305487252522
0.6236743498490638,-0.023551991653467837,0.4382771650173578,-1.114658233068185,-1.8084622155145136,-1.8033981517482136,0.0,-0.6738557951469003,-0.7714591717850942,-1.8084622155145136,-1.1146582330681851,0.31713717311452444,0.15267227264846966
1.4377836156825747,-1.4619057676331129,0.4382771650173578,-0.2653618276004712,-0.7862752996000403,-0.4181878662207047,0.0,-0.6738557951469003,-0.7714591717850942,-0.7862752996000403,-0.2653618276004713,0.018380366067653087,-1.203533370098974
-1.4697494765799641,-0.7427288796432903,-0.8025406366046323,-1.4685732731872825,-1.334136417230574,-0.9741442216280473,0.0,1.4839970320089038,-0.7714591717850942,-1.334136417230574,-1.468573273187283,-1.1419496190304774,-0.8644819594121131
1.4959342775278255,0.6956248963363546,0.4382771650173578,-0.4825635933655346,-1.0476926347603128,-0.8977764886195087,0.0,1.4839970320089038,-0.7714591717850942,-1.0476926347603128,-0.4825635933655347,0.20961073558475815,0.8307750940221916
-1.5279001384252149,-1.4619057676331129,0.4382771650173578,-0.7549775490942265,-1.3755616560651005,-1.2527503076870388,0.0,1.4839970320089038,1.296244877983732,-1.3755616560651005,-0.7549775490942267,0.20727414499484698,-1.203533370098974
1.2051809683015715,-1.4619057676331129,-0.8025406366046323,-0.4192068887189238,0.34984353181649247,-0.5782693043239284,0.0,1.4839970320089038,-0.7714591717850942,0.34984353181649247,-0.41920688871892386,-0.030471108447493442,-1.3730590754424046
0.15846905508705764,-0.7427288796432903,0.4382771650173578,0.3274082379409052,-0.07283556143410025,0.07168067172981854,0.0,-0.6738557951469003,-0.7714591717850942,-0.07283556143410025,0.32740823794090523,0.2911774529789443,-0.5254305487252522
-0.8300921962822055,-1.4619057676331129,-0.8025406366046323,-0.1967987374352159,0.7067549717194772,0.9234503952638045,0.0,1.4839970320089038,1.296244877983732,0.7067549717194772,-0.19679873743521592,-0.8947797870237214,-1.3730590754424046
0.6236743498490638,1.414801784326177,0.4382771650173578,0.6263906879471028,0.2870104787903176,0.5459459648861646,0.0,-0.6738557951469003,-0.7714591717850942,0.2870104787903176,0.626390687947103,0.2171829597314165,1.5088779153959135
1.612235601218327,0.6956248963363546,-0.8025406366046323,-1.534167626843734,-1.4393995340628605,-1.3503409726580267,0.0,1.4839970320089038,1.296244877983732,-1.4393995340628605,-1.5341676268437343,-0.9216284652683666,0.15267227264846966
1.0307289827658193,0.6956248963363546,-0.8025406366046323,0.3347554371640574,1.559771215717934,1.0796013863759026,0.0,1.4839970320089038,-0.7714591717850942,1.559771215717934,0.3347554371640575,-0.4649309321963645,0.15267227264846966
-0.24858557782969778,-0.7427288796432903,0.4382771650173578,-1.1372247877395432,-1.8356226235579554,-1.8621659284373937,0.0,1.4839970320089038,1.296244877983732,-1.835622623557955,-1.1372247877395436,0.36035990359440556,-0.5254305487252522
-0.24858557782969778,-1.4619057676331129,0.4382771650173578,-1.2911166980308453,-2.0208421725306405,-2.16878524743408,0.0,-0.6738557951469003,-0.7714591717850942,-2.0208421725306405,-1.2911166980308455,0.5397846093219486,-1.203533370098974
-0.48118822521070087,0.6956248963363546,-0.8025406366046323,1.104095490980683,2.794376443978944,2.201568039823872,0.0,1.4839970320089038,-0.7714591717850942,2.794376443978944,1.1040954909806833,-0.4335083379414599,0.15267227264846966
-0.8882428581274563,0.6956248963363546,0.4382771650173578,1.2035094064495748,0.9816127391845318,1.205894316462106,0.0,1.4839970320089038,-0.7714591717850942,0.9816127391845318,1.203509406449575,0.2865752956112476,0.8307750940221916
0.5073730261585623,1.414801784326177,0.4382771650173578,-0.5530246320614034,-1.1324973641492193,-0.7904097165706869,0.0,-0.6738557951469003,-0.7714591717850942,-1.1324973641492193,-0.5530246320614035,-0.003018814127980123,1.5088779153959135
1.2633316301468223,0.6956248963363546,-0.8025406366046323,-0.633516876097042,0.0059276917754371005,0.3992524960816485,0.0,-0.6738557951469003,-0.7714591717850942,0.0059276917754371005,-0.6335168760970421,-1.039610053434963,0.15267227264846966
0.4492223643133115,-0.023551991653467837,-0.8025406366046323,-1.2813420490813154,-1.0336754610796641,-1.006447235541918,0.0,-0.6738557951469003,-0.7714591717850942,-1.0336754610796641,-1.2813420490813157,-0.841433769577251,-0.35590484338182177
0.3910717024680607,-0.7427288796432903,-0.8025406366046323,-1.3530234530268874,-1.1487068254825197,-1.1271241829339202,0.0,1.4839970320089038,-0.7714591717850942,-1.1487068254825197,-1.3530234530268876,-0.8422346306046435,-0.8644819594121131
-0.24858557782969778,0.6956248963363546,0.4382771650173578,-0.5692377000964232,-1.1520109119583632,-1.3836664214159613,0.0,1.4839970320089038,-0.7714591717850942,-1.1520109119583632,-0.5692377000964233,0.6688423826564213,0.8307750940221916
-1.5860508002704656,-0.7427288796432903,0.4382771650173578,1.0026977563758745,0.739922040922963,1.0966160357917758,0.0,-0.6738557951469003,1.296244877983732,0.739922040922963,1.0026977563758748,0.17376198713413643,-0.5254305487252522
0.4492223643133115,1.414801784326177,-0.8025406366046323,-1.1997489960706167,-0.9027382905306358,-1.1119654750284662,0.0,-0.6738557951469003,-0.7714591717850942,-0.9027382905306358,-1.199748996070617,-0.6247413651308138,0.6612493886787612
-1.1789961673537102,1.414801784326177,0.4382771650173578,0.22779686991935968,-0.19272472664479176,-0.11505816180049364,0.0,1.4839970320089038,1.296244877983732,-0.19272472664479176,0.2277968699193597,0.34601764815409486,1.5088779153959135
1.08887964461107,-0.023551991653467837,-0.8025406366046323,-1.4375716392821838,-1.2843862721367487,-1.39969938520257,0.0,-0.6738557951469003,-0.7714591717850942,-1.2843862721367487,-1.4375716392821842,-0.7186750706314196,-0.35590484338182177
1.5540849393730762,-1.4619057676331129,-0.8025406366046323,-1.4016729475322414,-1.2267775303296136,-0.7775996452273188,0.0,-0.6738557951469003,1.296244877983732,-1.2267775303296136,-1.4016729475322416,-1.1965184672222662,-1.3730590754424046
0.565523688003813,-1.4619057676331129,-0.8025406366046323,-0.6219977257825393,0.024413149711568563,-0.20537694416678878,0.0,-0.6738557951469003,1.296244877983732,0.024413149711569385,-0.6219977257825401,-0.6114960953639598,-1.3730590754424046
-1.3534481528894624,0.6956248963363546,-0.8025406366046323,-0.604289735236406,0.05283020352515391,-0.18987742464664695,0.0,-0.6738557951469003,-0.7714591717850942,0.05283020352515391,-0.6042897352364061,-0.6017151394457515,0.15267227264846966
1.1470303064563208,0.6956248963363546,0.4382771650173578,1.984817430347381,1.9219709394379656,1.9944583033678287,0.0,-0.6738557951469003,1.296244877983732,1.9219709394379656,1.9848174303473811,0.4305749983435638,0.8307750940221916
-1.7023521239609671,0.6956248963363546,-0.8025406366046323,-1.0430114529481043,-0.6512123375481297,-0.2630333786341615,0.0,-0.6738557951469003,-0.7714591717850942,-0.6512123375481297,-1.0430114529481045,-1.0902213662391713,0.15267227264846966
-1.3534481528894624,-1.4619057676331129,-0.8025406366046323,-0.17435487599813432,0.7427719560622568,0.8185545074214696,0.0,1.4839970320089038,1.296244877983732,0.7427719560622568,-0.17435487599813435,-0.8099284272550834,-1.3730590754424046
0.27477037877755917,1.414801784326177,0.4382771650173578,1.2236100176749367,1.0058052138779026,0.5025925048134543,0.0,-0.6738557951469003,-0.7714591717850942,1.0058052138779026,1.223610017674937,0.8947582059207781,1.5088779153959135
0.4492223643133115,-0.023551991653467837,0.4382771650173578,0.46549330181107995,0.09335935551433001,-0.0055798395302376,0.0,1.4839970320089038,1.296244877983732,0.09335935551433001,0.46549330181108006,0.5252214745395557,0.15267227264846966
-0.36488690152019937,-0.7427288796432903,-0.8025406366046323,-1.2288763698879446,-0.9494807002387845,-0.7876906326013318,0.0,-0.6738557951469003,-0.7714591717850942,-0.9494807002387845,-1.2288763698879448,-0.9481180077944078,-0.8644819594121131
1.5540849393730762,-0.7427288796432903,0.4382771650173578,-0.6512457699349414,-1.2507132913027916,-1.2527503076870388,0.0,1.4839970320089038,-0.7714591717850942,-1.2507132913027916,-0.6512457699349415,0.369255293833738,-0.5254305487252522
-0.946393519972707,1.414801784326177,-0.8025406366046323,-0.27826211967525616,0.5760258914818959,0.6868234093965537,0.0,-0.6738557951469003,1.296244877983732,0.5760258914818959,-0.2782621196752562,-0.8365246273842227,0.6612493886787612
0.10031839324180684,1.414801784326177,-0.8025406366046323,0.19545027190059658,1.3362200246616232,1.6499866682963793,0.0,-0.6738557951469003,-0.7714591717850942,1.3362200246616232,0.1954502719005966,-0.9213195388094183,0.6612493886787612
0.27477037877755917,-1.4619057676331129,0.4382771650173578,-0.2761895861481991,-0.7993072552811353,-0.4712989110008846,0.0,-0.6738557951469003,1.296244877983732,-0.7993072552811353,-0.27618958614819916,0.05480742842913845,-1.203533370098974
-0.4230375633654501,0.6956248963363546,-0.8025406366046323,-0.24469313350758662,0.6298960177341616,1.3988825977530497,0.0,-0.6738557951469003,-0.7714591717850942,0.6298960177341608,-0.24469313350758667,-1.1952586007040629,0.15267227264846966
-1.4115988147347134,-1.4619057676331129,0.4382771650173578,0.6966389411007058,0.3715591060742351,0.3738768486837112,0.0,1.4839970320089038,-0.7714591717850942,0.3715591060742351,0.6966389411007059,0.4391567761519121,-1.203533370098974
-1.5860508002704656,0.6956248963363546,-0.8025406366046323,-0.8624204687698649,-0.36140736491323466,-0.45145774786754805,0.0,1.4839970320089038,1.296244877983732,-0.36140736491323466,-0.862420468769865,-0.7227703325797411,0.15267227264846966
-0.6556402107464532,0.6956248963363546,0.4382771650173578,0.8048628757730314,0.5018140904338025,0.4446915750572847,0.0,-0.6738557951469003,1.296244877983732,0.5018140904338025,0.8048628757730315,0.4950814794750353,0.8307750940221916
0.10031839324180684,-0.7427288796432903,-0.8025406366046323,-0.5896162693992473,0.07637757708174173,-0.42702303688407406,0.0,1.4839970320089038,-0.7714591717850942,0.07637757708174173,-0.5896162693992473,-0.3907337275321636,-0.8644819594121131
-0.19043491598444703,0.6956248963363546,0.4382771650173578,-0.9066310188064349,-1.5580870871099683,-1.3028385016239026,0.0,1.4839970320089038,1.296244877983732,-1.5580870871099683,-0.906631018806435,0.027806567007076465,0.8307750940221916
0.15846905508705764,-1.4619057676331129,0.4382771650173578,-0.047752286400387985,-0.5243671785237721,-0.899621316707709,0.0,-0.6738557951469003,-0.7714591717850942,-0.524367178523773,-0.04775228640038731,0.8339232602364471,-1.203533370098974
-1.1789961673537102,0.6956248963363546,0.4382771650173578,0.3966770853890152,0.010534283399919134,0.12608087348729496,0.0,1.4839970320089038,1.296244877983732,0.010534283399919134,0.39667708538901525,0.32229886372387573,0.8307750940221916
0.04216773139655607,1.414801784326177,0.4382771650173578,-0.06794252085566188,-0.5486675209678941,-0.755224621828262,0.0,-0.6738557951469003,-0.7714591717850942,-0.5486675209678941,-0.0679425208556619,0.6328572967383187,1.5088779153959135
1.4377836156825747,0.6956248963363546,0.4382771650173578,0.9090247702107099,0.6271801286574357,0.6814296951467156,0.0,-0.6738557951469003,-0.7714591717850942,0.6271801286574357,0.9090247702107102,0.4037345446496357,0.8307750940221916
0.5073730261585623,-0.7427288796432903,-0.8025406366046323,-1.6413330282026062,-1.611374155883199,-1.8580169174759789,0.0,-0.6738557951469003,-0.7714591717850942,-1.611374155883199,-1.6413330282026064,-0.5784919237989073,-0.8644819594121131
0.7981263353848161,1.414801784326177,0.4382771650173578,-0.6434878049040349,-1.2413760442619926,-1.2527503076870388,0.0,-0.6738557951469003,-0.7714591717850942,-1.2413760442619926,-0.643487804904035,0.38136965356556674,1.5088779153959135
0.6236743498490638,-0.023551991653467837,0.4382771650173578,-0.9325333342637567,-1.5892623137821953,-1.4069045872739556,0.0,1.4839970320089038,1.296244877983732,-1.5892623137821953,-0.9325333342637568,0.10976101118854106,0.15267227264846966
0.04216773139655607,-0.023551991653467837,0.4382771650173578,0.2628819164289472,-0.1504974485644132,-0.3441613608261082,0.0,-0.6738557951469003,1.296244877983732,-0.1504974485644132,0.2628819164289472,0.6181357439557511,0.15267227264846966
-0.19043491598444703,0.6956248963363546,-0.8025406366046323,-1.5772464673869817,-1.5085306828939504,-1.173993188901615,0.0,1.4839970320089038,-0.7714591717850942,-1.5085306828939504,-1.577246467386982,-1.143113526615339,0.15267227264846966
-1.237146829198961,-1.4619057676331129,0.4382771650173578,1.5751680870485891,1.4289296453300753,1.195725535132568,0.0,-0.6738557951469003,1.296244877983732,1.4289296453300753,1.5751680870485896,0.6498488211952863,-1.203533370098974
-0.8300921962822055,1.414801784326177,-0.8025406366046323,-1.0211705034256948,-0.6161628814113008,-0.6270201831205499,0.0,1.4839970320089038,-0.7714591717850942,-0.6161628814113008,-1.0211705034256955,-0.7924130600743428,0.6612493886787612
0.565523688003813,-1.4619057676331129,-0.8025406366046323,0.32630496630594513,1.546210248170572,2.206961754073711,0.0,-0.6738557951469003,1.296244877983732,1.546210248170572,0.3263049663059452,-1.0782667208273446,-1.3730590754424046
-0.946393519972707,-0.7427288796432903,0.4382771650173578,0.5967610780971829,0.2513491957361882,0.45823883674111754,0.0,-0.6738557951469003,-0.7714591717850942,0.2513491957361882,0.596761078097183,0.2577234086088997,-0.5254305487252522
-0.36488690152019937,0.6956248963363546,0.4382771650173578,-0.46002855487741384,-1.020570158621372,-1.2025954332168667,0.0,1.4839970320089038,-0.7714591717850942,-1.020570158621372,-0.4600285548774139,0.6029864917186253,0.8307750940221916
-1.1789961673537102,1.414801784326177,0.4382771650173578,-0.2953242776627557,-0.8223371788511843,-0.7515238522296431,0.0,-0.6738557951469003,1.296244877983732,-0.8223371788511852,-0.2953242776627551,0.3141747710265718,1.5088779153959135
-0.5393388870559517,-0.7427288796432903,0.4382771650173578,-1.3589783112506904,-2.1025183137218573,-2.01476432891378,0.0,-0.6738557951469003,-0.7714591717850942,-2.1025183137218573,-1.3589783112506906,0.1631132343747094,-0.5254305487252522
1.2051809683015715,0.6956248963363546,-0.8025406366046323,-1.4712148863727743,-1.338375569259215,-1.1219379192321515,0.0,-0.6738557951469003,1.296244877983732,-1.338375569259215,-1.4712148863727745,-1.025389607300753,0.15267227264846966
1.612235601218327,-0.023551991653467837,0.4382771650173578,0.08002162047073157,-0.3705824515920658,-0.4598187458496133,0.0,-0.6738557951469003,-0.7714591717850942,-0.3705824515920658,0.08002162047073158,0.5056253023147578,0.15267227264846966
-1.1208455055084594,1.414801784326177,-0.8025406366046323,-0.021026240524075028,0.9888274344678041,1.4359421563762564,0.0,1.4839970320089038,1.296244877983732,0.9888274344678049,-0.021026240524075715,-1.00716610112491,0.6612493886787612
-0.8882428581274563,-1.4619057676331129,-0.8025406366046323,-1.2076617568666324,-0.9154363631193119,-1.1411270949286945,0.0,-0.6738557951469003,1.296244877983732,-0.9154363631193119,-1.2076617568666326,-0.6090699182575935,-1.3730590754424046
1.4377836156825747,-0.023551991653467837,-0.8025406366046323,0.2054055745441796,1.3521958842723576,1.5965977879607476,0.0,1.4839970320089038,-0.7714591717850942,1.3521958842723558,0.20540557454418032,-0.8846599216753549,-0.35590484338182177
-0.0159829304486947,1.414801784326177,0.4382771650173578,0.04071809618812136,-0.41788695919667057,-0.23084890789061652,0.0,-0.6738557951469003,-0.7714591717850942,-0.41788695919667057,0.04071809618812137,0.22725771411128867,1.5088779153959135
-0.5974895489012024,-1.4619057676331129,0.4382771650173578,0.3967140546048872,0.010578778406035615,0.1445291543692997,0.0,-0.6738557951469003,-0.7714591717850942,0.010578778406035615,0.3967140546048873,0.30578536537436535,-1.203533370098974
1.321482291992073,-0.023551991653467837,0.4382771650173578,-0.6217156339545318,-1.2151717319249127,-1.4685174000509629,0.0,-0.6738557951469003,-0.7714591717850942,-1.2151717319249127,-0.6217156339545319,0.6997914610781696,0.15267227264846966
-1.4115988147347134,-1.4619057676331129,0.4382771650173578,0.2807668080445257,-0.12897174554212743,-0.01453725783800641,0.0,-0.6738557951469003,-0.7714591717850942,-0.12897174554212743,0.2807668080445257,0.3152298538077356,-1.203533370098974
0.6236743498490638,-0.7427288796432903,-0.8025406366046323,-0.256801328616137,0.610465284976052,0.4883376885817387,0.0,-0.6738557951469003,-0.7714591717850942,0.6104652849760512,-0.25680132861613636,-0.6871113629343395,-0.8644819594121131
-1.4697494765799641,1.414801784326177,0.4382771650173578,0.38205923462125263,-0.007059310188138577,-0.1418859630349268,0.0,-0.6738557951469003,1.296244877983732,-0.007059310188138577,0.3820592346212527,0.558844175570406,1.5088779153959135
-0.8882428581274563,-0.7427288796432903,0.4382771650173578,0.04801097030658656,-0.4091094812098173,-0.5331895593333432,0.0,-0.6738557951469003,-0.7714591717850942,-0.4091094812098173,0.04801097030658657,0.5419424773901026,-0.5254305487252522
-1.5860508002704656,-0.7427288796432903,0.4382771650173578,-0.5328463297796895,-1.1082113829005689,-1.1274353587560264,0.0,-0.6738557951469003,1.296244877983732,-1.1082113829005689,-0.5328463297796896,0.39868266251627693,-0.5254305487252522
0.6818250116943146,-0.023551991653467837,0.4382771650173578,0.2525598533646223,-0.1629207647843687,0.059511474401026734,0.0,-0.6738557951469003,1.296244877983732,-0.1629207647843687,0.25255985336462233,0.21488056513068055,0.15267227264846966
1.4959342775278255,-0.023551991653467837,0.4382771650173578,0.8721363237202207,0.5827823340733129,0.2521737619735728,0.0,-0.6738557951469003,-0.7714591717850942,0.5827823340733129,0.8721363237202208,0.7462532831460266,0.15267227264846966
1.5540849393730762,-0.023551991653467837,0.4382771650173578,0.49827570267990867,0.13281524043818754,0.3167538584828066,0.0,-0.6738557951469003,1.296244877983732,0.13281524043818754,0.4982757026799087,0.26952936214467693,0.15267227264846966
0.10031839324180684,-0.023551991653467837,-0.8025406366046323,-0.370446926326651,0.42809151097819964,0.46405115656117124,0.0,1.4839970320089038,-0.7714591717850942,0.42809151097819964,-0.37044692632665105,-0.793942595260475,-0.35590484338182177
1.2051809683015715,0.6956248963363546,-0.8025406366046323,-0.4517250227266365,0.29765976982457587,0.5357105030233177,0.0,-0.6738557951469003,1.296244877983732,0.2976597698245767,-0.4517250227266373,-0.926548358753118,0.15267227264846966
-1.1789961673537102,-0.023551991653467837,0.4382771650173578,0.6766753299909416,0.3475315204875896,-0.016937757037110427,0.0,-0.6738557951469003,-0.7714591717850942,0.3475315204875896,0.6766753299909417,0.7862516532574996,0.15267227264846966
-0.5393388870559517,-1.4619057676331129,-0.8025406366046323,-0.430241217524409,0.3321360954676111,-0.006283689604049886,0.0,1.4839970320089038,1.296244877983732,0.3321360954676111,-0.4302412175244091,-0.5325512219998719,-1.3730590754424046
-1.4115988147347134,-0.7427288796432903,-0.8025406366046323,0.2791067700506287,1.4704685269743,1.4131374139847672,0.0,-0.6738557951469003,1.296244877983732,1.470468526974301,0.27910677005062806,-0.7175839759947574,-0.8644819594121131
-0.8300921962822055,-0.023551991653467837,-0.8025406366046323,-0.4133363765966773,0.35926428785634745,0.1247806030877801,0.0,-0.6738557951469003,-0.7714591717850942,0.35926428785634745,-0.4133363765966774,-0.6098144523951397,-0.35590484338182177
-0.19043491598444703,-1.4619057676331129,0.4382771650173578,-0.6873055313692608,-1.2941137061542587,-1.433810182463915,0.0,1.4839970320089038,-0.7714591717850942,-1.2941137061542587,-0.6873055313692609,0.5443610510057757,-1.203533370098974
-0.24858557782969778,-0.7427288796432903,0.4382771650173578,0.551181083934853,0.19649052288623825,0.4950909448162537,0.0,-0.6738557951469003,-0.7714591717850942,0.19649052288623825,0.551181083934853,0.17807629317288895,-0.5254305487252522
0.9144276590753176,-1.4619057676331129,0.4382771650173578,-0.2479693213778866,-0.7653422164252724,-0.807613294164267,0.0,-0.6738557951469003,-0.7714591717850942,-0.7653422164252724,-0.24796932137788666,0.4418247329677561,-1.203533370098974
1.4377836156825747,-0.7427288796432903,0.4382771650173578,1.178505170286304,0.9515184130058457,0.8219033519831829,0.0,-0.6738557951469003,-0.7714591717850942,0.9515184130058457,1.1785051702863043,0.5642196712815575,-0.5254305487252522
-1.5279001384252149,-1.4619057676331129,0.4382771650173578,1.3715083121663993,1.1838110320374449,1.8813792322989167,0.0,-0.6738557951469003,1.296244877983732,1.1838110320374449,1.3715083121663996,-0.020942739210173075,-1.203533370098974
-1.2952974910442117,0.6956248963363546,0.4382771650173578,0.30752070543160637,-0.09677158116755687,-0.3672661656174859,0.0,-0.6738557951469003,-0.7714591717850942,-0.09677158116755687,0.3075207054316064,0.6992794803033453,0.8307750940221916
1.612235601218327,0.6956248963363546,0.4382771650173578,-0.8245460787981977,-1.459292189204052,-1.4196405691358696,0.0,-0.6738557951469003,-0.7714591717850942,-1.459292189204052,-0.8245460787981979,0.3014903567769812,0.8307750940221916
0.04216773139655607,-0.023551991653467837,0.4382771650173578,0.4351389956509827,0.056825850369649336,-0.22688141615876312,0.0,-0.6738557951469003,-0.7714591717850942,0.056825850369649336,0.4351389956509828,0.7105436404111417,0.15267227264846966
-0.13228425413919626,-1.4619057676331129,-0.8025406366046323,-0.5706189004914657,0.10686377217894949,0.18743066860514163,0.0,-0.6738557951469003,-0.7714591717850942,0.10686377217894949,-0.5706189004914658,-0.8336856452655069,-1.3730590754424046
-1.3534481528894624,0.6956248963363546,-0.8025406366046323,-0.14567397655710337,0.788797882082177,0.8255930081595834,0.0,1.4839970320089038,1.296244877983732,0.7887978820821763,-0.14567397655710274,-0.7850274170740936,0.15267227264846966
0.15846905508705764,0.6956248963363546,0.4382771650173578,0.34290484784945907,-0.05418432049209843,0.04447501413997169,0.0,-0.6738557951469003,-0.7714591717850942,-0.05418432049209843,0.3429048478494592,0.3340329820188685,0.8307750940221916
-1.6442014621157164,-1.4619057676331129,0.4382771650173578,-1.08095195361112,-1.7678943788636632,-1.6464321763401242,0.0,1.4839970320089038,-0.7714591717850942,-1.7678943788636632,-1.08095195361112,0.16266541620377573,-1.203533370098974
0.9725783209205685,-0.023551991653467837,0.4382771650173578,-0.38074629773904517,-0.925148483233052,-1.2011618017507355,0.0,-0.6738557951469003,-0.7714591717850942,-0.925148483233052,-0.3807462977390452,0.7233334898493782,0.15267227264846966
-1.4115988147347134,-1.4619057676331129,0.4382771650173578,-0.05646001726585435,-0.5348475343814932,-0.22999317437982428,0.0,-0.6738557951469003,-0.7714591717850942,-0.5348475343814932,-0.056460017265854354,0.10637386811592085,-1.203533370098974
0.10031839324180684,-1.4619057676331129,0.4382771650173578,0.1500217313220834,-0.28633248071716294,-0.23084890789061652,0.0,1.4839970320089038,-0.7714591717850942,-0.28633248071716294,0.15002173132208343,0.3623374537611634,-1.203533370098974
1.4959342775278255,1.414801784326177,0.4382771650173578,-0.6107791958800507,-1.2020089729229042,-1.4527919076123867,0.0,-0.6738557951469003,1.296244877983732,-1.2020089729229042,-0.6107791958800508,0.6959411663315862,1.5088779153959135
0.27477037877755917,-1.4619057676331129,0.4382771650173578,0.9814531223576929,0.7143526557389792,0.48876740757416953,0.0,1.4839970320089038,1.296244877983732,0.7143526557389792,0.981453122357693,0.6468786658901533,-1.203533370098974
1.2051809683015715,1.414801784326177,0.4382771650173578,-0.7140568488269227,-1.3263107654054838,-1.4685174000509629,0.0,-0.6738557951469003,-0.7714591717850942,-1.3263107654054838,-0.7140568488269228,0.5470999051233411,1.5088779153959135
0.3910717024680607,1.414801784326177,-0.8025406366046323,0.6060263082560807,1.9950955356511808,1.195625514332605,0.0,-0.6738557951469003,1.296244877983732,1.9950955356511808,0.6060263082560808,-0.27767021884379034,0.6612493886787612
-1.0626948436632087,-1.4619057676331129,0.4382771650173578,1.3750529006483612,1.1880771892297237,1.5562671787313538,0.0,-0.6738557951469003,-0.7714591717850942,1.1880771892297237,1.3750529006483616,0.1957377220471505,-1.203533370098974
1.0307289827658193,-0.023551991653467837,0.4382771650173578,1.774630082227864,1.668995940656226,2.4243143613407474,0.0,1.4839970320089038,-0.7714591717850942,1.668995940656226,1.7746300822278642,-0.013388089238524963,0.15267227264846966
0.7981263353848161,1.414801784326177,-0.8025406366046323,0.746357024780769,2.220292489127737,1.4010460106115017,0.0,-0.6738557951469003,-0.7714591717850942,2.220292489127737,0.7463570247807692,-0.27759079186611707,0.6612493886787612
-1.1208455055084594,-0.7427288796432903,0.4382771650173578,-0.4791104164736502,-1.0435364977338308,-0.7314863519704539,0.0,1.4839970320089038,-0.7714591717850942,-1.0435364977338308,-0.4791104164736503,0.039670005894328786,-0.5254305487252522
-0.5974895489012024,0.6956248963363546,0.4382771650173578,-0.13222248842553413,-0.6260329041042388,-0.22101352922761985,0.0,-0.6738557951469003,1.296244877983732,-0.6260329041042388,-0.13222248842553416,0.004668949323006671,0.8307750940221916
1.4959342775278255,-0.023551991653467837,-0.8025406366046323,-0.8047343903503265,-0.2688351224291431,-0.06928938463238846,0.0,-0.6738557951469003,-0.7714591717850942,-0.2688351224291431,-0.8047343903503267,-0.9322940735907671,-0.35590484338182177
1.379632953837324,-0.023551991653467837,0.4382771650173578,0.8383684777656691,0.54214039788809,0.6251735518788206,0.0,1.4839970320089038,1.296244877983732,0.54214039788809,0.8383684777656693,0.37646906686788506,0.15267227264846966
-0.946393519972707,-0.7427288796432903,0.4382771650173578,0.10820623530726092,-0.3366603198951544,-0.004123981219670355,0.0,-0.6738557951469003,-0.7714591717850942,-0.3366603198951544,0.10820623530726094,0.10180660734396417,-0.5254305487252522
0.5073730261585623,-0.7427288796432903,0.4382771650173578,-0.5496321421456128,-1.128414268092333,-1.0847931577052732,0.0,-0.6738557951469003,-0.7714591717850942,-1.128414268092333,-0.549632142145613,0.3228564116814097,-0.5254305487252522
0.4492223643133115,-1.4619057676331129,-0.8025406366046323,-0.5825630062255238,0.08769636328997324,0.8256670976410382,0.0,-0.6738557951469003,-0.7714591717850942,0.08769636328997324,-0.5825630062255239,-1.229209762536496,-1.3730590754424046
0.2166197169323084,0.6956248963363546,-0.8025406366046323,-0.7986862442241417,-0.2591293066567408,-0.7076295389423193,0.0,-0.6738557951469003,1.296244877983732,-0.2591293066567408,-0.7986862442241419,-0.4218578074872747,0.15267227264846966
0.5073730261585623,-0.023551991653467837,0.4382771650173578,-0.942015659619744,-1.600674947638801,-1.316952547840858,0.0,-0.6738557951469003,-0.7714591717850942,-1.600674947638801,-0.9420156596197441,-0.011947244163650386,0.15267227264846966
1.1470303064563208,0.6956248963363546,0.4382771650173578,0.09874616184250798,-0.3480461720629083,0.024548648102963075,0.0,-0.6738557951469003,-0.7714591717850942,-0.3480461720629083,0.09874616184250799,0.0655909646933998,0.8307750940221916
-0.13228425413919626,1.414801784326177,0.4382771650173578,-0.13141121789293936,-0.6250564839541634,-0.7347870383692224,0.0,-0.6738557951469003,1.296244877983732,-0.6250564839541634,-0.13141121789293939,0.5219735345998066,1.5088779153959135
0.6236743498490638,-1.4619057676331129,0.4382771650173578,-0.15414526275484103,-0.6524184780165908,-0.8679814036528499,0.0,1.4839970320089038,1.296244877983732,-0.6524184780165908,-0.15414526275484106,0.6438470166878577,-1.203533370098974
1.2051809683015715,-0.7427288796432903,0.4382771650173578,0.7072239224266781,0.38429886259145396,0.7969092654147316,0.0,-0.6738557951469003,1.296244877983732,0.38429886259145396,0.7072239224266782,0.10377657199019688,-0.5254305487252522
-0.4230375633654501,-0.023551991653467837,-0.8025406366046323,-0.03965485542929146,0.9589330006044625,1.1269149292323195,0.0,-0.6738557951469003,1.296244877983732,0.9589330006044625,-0.03965485542929146,-0.8570681464937766,-0.35590484338182177
1.2633316301468223,-1.4619057676331129,-0.8025406366046323,-1.1059358435128408,-0.7521908075900366,-0.8088654064008376,0.0,1.4839970320089038,1.296244877983732,-0.7521908075900366,-1.1059358435128408,-0.7588922337350752,-1.3730590754424046
1.08887964461107,0.6956248963363546,0.4382771650173578,-0.543844950016632,-1.1214489824322935,-1.3082618516663231,0.0,-0.6738557951469003,-0.7714591717850942,-1.1214489824322935,-0.5438449500166321,0.6088387997369571,0.8307750940221916
-0.30673623967494856,-0.023551991653467837,-0.8025406366046323,-0.7244745158666303,-0.140037381864914,-0.610112963452786,0.0,1.4839970320089038,1.296244877983732,-0.140037381864914,-0.7244745158666304,-0.4085196762645013,-0.35590484338182177
0.9725783209205685,-0.023551991653467837,0.4382771650173578,0.8390356826941455,0.542943425127734,-0.0020124309982365294,0.0,-0.6738557951469003,1.296244877983732,0.542943425127734,0.8390356826941457,0.9628185922712683,0.15267227264846966
-0.7719415344369548,-0.7427288796432903,0.4382771650173578,-0.4369684128004908,-0.992815684025217,-1.2419591747132879,0.0,-0.6738557951469003,1.296244877983732,-0.992815684025217,-0.4369684128004909,0.6896609458515648,-0.5254305487252522
0.7399756735395654,1.414801784326177,-0.8025406366046323,-0.3060591880687974,0.5314183011208522,0.5048892787385241,0.0,-0.6738557951469003,-0.7714591717850942,0.5314183011208522,-0.30605918806879745,-0.7509759549305455,0.6612493886787612
-0.6556402107464532,-0.023551991653467837,0.4382771650173578,0.6122217155807774,0.26995714137882165,0.3818229455696343,0.0,1.4839970320089038,1.296244877983732,0.26995714137882165,0.6122217155807775,0.3394359977776411,0.15267227264846966
1.321482291992073,-0.023551991653467837,0.4382771650173578,0.043857606434001446,-0.41410834165507066,-0.510418157208508,0.0,-0.6738557951469003,-0.7714591717850942,-0.41410834165507066,0.04385760643400145,0.51208344726058,0.15267227264846966
-0.19043491598444703,0.6956248963363546,-0.8025406366046323,-0.5104161302415738,0.20347469804662635,0.18743066860514163,0.0,1.4839970320089038,-0.7714591717850942,0.20347469804662718,-0.5104161302415746,-0.7651382289558598,0.15267227264846966
-0.24858557782969778,1.414801784326177,0.4382771650173578,0.20242458337063848,-0.22326202689705513,-0.09456501123036397,0.0,-0.6738557951469003,-0.7714591717850942,-0.22326202689705513,0.20242458337063854,0.29614984939226563,1.5088779153959135
0.6818250116943146,1.414801784326177,0.4382771650173578,-1.2452319497059563,-1.9656167069855455,-1.897039847357713,0.0,-0.6738557951469003,-0.7714591717850942,-1.9656167069855455,-1.2452319497059565,0.2095619278611187,1.5088779153959135
0.2166197169323084,1.414801784326177,-0.8025406366046323,-0.9022425588655901,-0.4253122147758704,-0.25149023742365373,0.0,-0.6738557951469003,-0.7714591717850942,-0.4253122147758704,-0.9022425588655906,-0.9233779515046743,0.6612493886787612
1.7285369249088285,-1.4619057676331129,0.4382771650173578,1.7914264488505003,1.6892115286253122,1.4896422125339939,0.0,-0.6738557951469003,-0.7714591717850942,1.6892115286253122,1.7914264488505005,0.6229299361801595,-1.203533370098974
0.9725783209205685,1.414801784326177,-0.8025406366046323,-0.9831853523933117,-0.5552058756916387,-0.6961308514206858,0.0,-0.6738557951469003,1.296244877983732,-0.5552058756916395,-0.9831853523933112,-0.6841382564521044,0.6612493886787612
-0.8882428581274563,-1.4619057676331129,-0.8025406366046323,-1.2997967826072025,-1.0632908572678554,-0.9459754007792994,0.0,1.4839970320089038,-0.7714591717850942,-1.0632908572678554,-1.2997967826072028,-0.9197324253700555,-1.3730590754424046
0.5073730261585623,-0.023551991653467837,0.4382771650173578,-0.8337611176029538,-1.4703831252250026,-1.4806977108019737,0.0,-0.6738557951469003,-0.7714591717850942,-1.4703831252250026,-0.8337611176029539,0.36505062698362467,0.15267227264846966
-0.946393519972707,0.6956248963363546,-0.8025406366046323,-0.2132667200872098,0.6803278314968915,0.23095083001112274,0.0,-0.6738557951469003,1.296244877983732,0.6803278314968915,-0.21326672008720982,-0.4591464875692676,0.15267227264846966
0.9725783209205685,0.6956248963363546,0.4382771650173578,-0.1662124135317337,-0.6669421278955915,-0.49715984450234535,0.0,-0.6738557951469003,-0.7714591717850942,-0.6669421278955915,-0.16621241353173372,0.22346182433133396,0.8307750940221916
-0.07413359229394548,-0.7427288796432903,0.4382771650173578,0.5867268823846773,0.23927234776766407,0.4036163665392788,0.0,-0.6738557951469003,-0.7714591717850942,0.23927234776766326,0.5867268823846781,0.29283171165145605,-0.5254305487252522
1.1470303064563208,1.414801784326177,-0.8025406366046323,-0.8435034881173727,-0.3310501735768197,-0.5357863956583016,0.0,1.4839970320089038,1.296244877983732,-0.3310501735768197,-0.843503488117373,-0.6301381702240015,0.6612493886787612
1.5540849393730762,0.6956248963363546,0.4382771650173578,0.05442754794415943,-0.40138668659553384,-0.5610064551451854,0.0,1.4839970320089038,-0.7714591717850942,-0.40138668659553384,0.05442754794415944,0.580600839552637,0.8307750940221916
0.10031839324180684,0.6956248963363546,-0.8025406366046323,-0.28080645779471863,0.5719428424723341,0.6868234093965537,0.0,1.4839970320089038,-0.7714591717850942,0.5719428424723341,-0.2808064577947187,-0.8391729165431112,0.15267227264846966
-0.48118822521070087,-1.4619057676331129,0.4382771650173578,-0.31262847993751636,-0.8431639821223668,-0.8988100368857894,0.0,-0.6738557951469003,1.296244877983732,-0.8431639821223668,-0.3126284799375164,0.4539021948285849,-1.203533370098974
-1.4697494765799641,-0.023551991653467837,-0.8025406366046323,-0.7761076987444632,-0.22289618691021007,0.299498418252209,0.0,-0.6738557951469003,-0.7714591717850942,-0.22289618691021007,-0.7761076987444633,-1.1366693835242638,-0.35590484338182177
-1.5860508002704656,0.6956248963363546,0.4382771650173578,-0.23589830070686604,-0.7508139088612539,0.2521737619735738,0.0,1.4839970320089038,-0.7714591717850942,-0.7508139088612539,-0.23589830070686607,-0.5001886984149213,0.8307750940221916
-0.5393388870559517,-0.7427288796432903,0.4382771650173578,-0.40678596512052145,-0.9564890224379148,-1.1940936652200398,0.0,1.4839970320089038,-0.7714591717850942,-0.9564890224379148,-0.4067859651205215,0.6740569082999371,-0.5254305487252522
-1.1789961673537102,-0.7427288796432903,0.4382771650173578,0.5476065624081601,0.19218833920605746,0.1720793280479073,0.0,-0.6738557951469003,-0.7714591717850942,0.19218833920605663,0.5476065624081609,0.45358045742286546,-0.5254305487252522
0.565523688003813,-1.4619057676331129,-0.8025406366046323,-0.2516137062205358,0.6187901677116899,0.8903323970539421,0.0,-0.6738557951469003,-0.7714591717850942,0.6187901677116899,-0.2516137062205358,-0.9305617500489001,-1.3730590754424046
1.2051809683015715,-0.023551991653467837,0.4382771650173578,1.4222673680494415,1.244903063575296,0.8676906515216513,0.0,-0.6738557951469003,-0.7714591717850942,1.244903063575296,1.4222673680494418,0.772306660417015,0.15267227264846966
-0.8300921962822055,-0.7427288796432903,-0.8025406366046323,-0.08117884873720496,0.8922970065704842,0.7074795568258837,0.0,1.4839970320089038,-0.7714591717850942,0.8922970065704842,-0.08117884873720498,-0.6447643330717396,-0.8644819594121131
-0.8300921962822055,-0.7427288796432903,0.4382771650173578,-1.3179907087227845,-2.053186901568222,-1.8621659284373937,0.0,-0.6738557951469003,1.296244877983732,-2.0531869015682225,-1.3179907087227842,0.025446169088086702,-0.5254305487252522
-1.0626948436632087,1.414801784326177,-0.8025406366046323,-0.20716093599242594,0.6901261423071194,0.50693414842665,0.0,-0.6738557951469003,-0.7714591717850942,0.6901261423071203,-0.20716093599242663,-0.6460798773021684,0.6612493886787612
-0.5393388870559517,1.414801784326177,0.4382771650173578,-0.16417702512482668,-0.6644923972892331,-0.8080133773641178,0.0,-0.6738557951469003,-0.7714591717850942,-0.6644923972892331,-0.1641770251248267,0.5596547837020949,1.5088779153959135
0.3910717024680607,0.6956248963363546,-0.8025406366046323,-0.7363612474885073,-0.15911271914197564,-0.3437168239373856,0.0,1.4839970320089038,-0.7714591717850942,-0.15911271914197564,-0.7363612474885074,-0.6463376609859892,0.15267227264846966
-1.004544181817958,-1.4619057676331129,-0.8025406366046323,0.8310971226039447,2.3562799075610146,1.9475744795038425,0.0,-0.6738557951469003,-0.7714591717850942,2.3562799075610155,0.8310971226039442,-0.5242959034220712,-1.3730590754424046
1.379632953837324,-1.4619057676331129,0.4382771650173578,0.10719528410115098,-0.33787706953504537,-0.06059127950970833,0.0,1.4839970320089038,1.296244877983732,-0.33787706953504537,0.10719528410115099,0.1508687445213899,-1.203533370098974
0.7399756735395654,-0.023551991653467837,0.4382771650173578,0.5499968083796287,0.19506516541434255,0.44141311550295176,0.0,-0.6738557951469003,-0.7714591717850942,0.19506516541434255,0.5499968083796288,0.22100467779420507,0.15267227264846966
-1.5279001384252149,-1.4619057676331129,0.4382771650173578,-0.0830250520925495,-0.5668203896130022,-0.619151880190153,0.0,-0.6738557951469003,1.296244877983732,-0.5668203896130022,-0.08302505209254951,0.46045639174893527,-1.203533370098974
1.08887964461107,-1.4619057676331129,0.4382771650173578,0.17332878437130664,-0.25828083170268207,0.5631273156353085,0.0,1.4839970320089038,1.296244877983732,-0.25828083170268207,0.17332878437130667,-0.2786031555434383,-1.203533370098974
-1.4115988147347134,1.414801784326177,0.4382771650173578,0.16866488764765913,-0.2638941537153467,-0.4712989110008846,0.0,-0.6738557951469003,1.296244877983732,-0.2638941537153467,0.16866488764765916,0.6329428173931135,1.5088779153959135
-1.3534481528894624,-1.4619057676331129,-0.8025406366046323,-1.3014728865252054,-1.065980599794596,-1.343124657164424,0.0,-0.6738557951469003,-0.7714591717850942,-1.065980599794596,-1.3014728865252057,-0.5562447826429312,-1.3730590754424046
-0.48118822521070087,-1.4619057676331129,-0.8025406366046323,-1.735731003851746,-1.7628601388312048,-1.39969938520257,0.0,1.4839970320089038,1.296244877983732,-1.7628601388312048,-1.7357310038517462,-1.202603388113544,-1.3730590754424046
-1.5279001384252149,0.6956248963363546,0.4382771650173578,0.40325385318957124,0.01844987794554127,0.27821251023052257,0.0,-0.6738557951469003,-0.7714591717850942,0.018449877945540448,0.403253853189572,0.1965096591398809,0.8307750940221916
-0.7719415344369548,-0.7427288796432903,-0.8025406366046323,-0.3880709518971649,0.3998092006988651,0.7074795568258837,0.0,-0.6738557951469003,1.296244877983732,0.3998092006988651,-0.38807095189716495,-0.9630644503184036,-0.8644819594121131
-0.13228425413919626,-1.4619057676331129,-0.8025406366046323,-0.8760977007255509,-0.383356023372987,-0.49477045872545866,0.0,-0.6738557951469003,-0.7714591717850942,-0.383356023372987,-0.8760977007255512,-0.7061698450276284,-1.3730590754424046
-0.48118822521070087,-0.023551991653467837,-0.8025406366046323,-0.054084312714744995,0.9357772019206261,0.7755381544893741,0.0,-0.6738557951469003,-0.7714591717850942,0.9357772019206261,-0.05408431271474501,-0.6603928127197335,-0.35590484338182177
0.9144276590753176,-0.7427288796432903,-0.8025406366046323,0.7736257646737361,2.264052239673588,1.6619150748104476,0.0,-0.6738557951469003,-0.7714591717850942,2.264052239673588,0.7736257646737362,-0.41204929021234843,-0.8644819594121131
-1.4697494765799641,-1.4619057676331129,0.4382771650173578,-0.4030824764402847,-0.9520316178759697,-0.807613294164267,0.0,-0.6738557951469003,1.296244877983732,-0.9520316178759697,-0.4030824764402848,0.2245538930541188,-1.203533370098974
-1.237146829198961,-0.023551991653467837,-0.8025406366046323,-0.09115001208323616,0.876295694357785,1.322614885544475,0.0,-0.6738557951469003,-0.7714591717850942,0.876295694357785,-0.09115001208323617,-1.0131781844028314,-0.35590484338182177
0.27477037877755917,-0.023551991653467837,-0.8025406366046323,-1.3386971049660341,-1.1257164922351202,-1.1292135063109188,0.0,1.4839970320089038,-0.7714591717850942,-1.1257164922351202,-1.3386971049660343,-0.8186904581128064,-0.35590484338182177
0.04216773139655607,-0.023551991653467837,0.4382771650173578,0.8814527127067917,0.5939952520420381,0.5914332020247446,0.0,-0.6738557951469003,-0.7714591717850942,0.5939952520420381,0.8814527127067918,0.45029492985503855,0.15267227264846966
-0.946393519972707,-0.7427288796432903,-0.8025406366046323,-0.20482431150853092,0.6938758610303143,0.8734399952824674,0.0,-0.6738557951469003,1.296244877983732,0.6938758610303143,-0.20482431150853095,-0.8735808522808087,-0.8644819594121131
-1.4115988147347134,1.414801784326177,-0.8025406366046323,-0.8645055794528371,-0.364753464648884,-0.2040729692932015,0.0,-0.6738557951469003,-0.7714591717850942,-0.364753464648884,-0.8645055794528372,-0.9105691991324758,0.6612493886787612
0.15846905508705764,1.414801784326177,-0.8025406366046323,-0.8280057641483874,-0.30618006452252655,-0.28111121210889634,0.0,-0.6738557951469003,-0.7714591717850942,-0.30618006452252655,-0.8280057641483877,-0.8093771503453563,0.6612493886787612
-1.5279001384252149,0.6956248963363546,-0.8025406366046323,0.6528979382183,2.070313196711975,1.890629304058428,0.0,-0.6738557951469003,-0.7714591717850942,2.070313196711974,0.6528979382183008,-0.6464448527705801,0.15267227264846966
0.3910717024680607,-1.4619057676331129,0.4382771650173578,-0.1646969102200316,-0.6651181149287713,-0.1883178410620434,0.0,-0.6738557951469003,-0.7714591717850942,-0.6651181149287713,-0.16469691022003163,-0.06433491118619936,-1.203533370098974
0.7981263353848161,0.6956248963363546,-0.8025406366046323,-1.522187841858513,-1.4201748685812916,-1.3102585631915038,0.0,1.4839970320089038,-0.7714591717850942,-1.4201748685812916,-1.5221878418585133,-0.9392576147430517,0.15267227264846966
0.7399756735395654,-0.023551991653467837,-0.8025406366046323,-0.8168831607124585,-0.2883309686828539,-0.36133530262710617,0.0,1.4839970320089038,1.296244877983732,-0.2883309686828539,-0.8168831607124586,-0.7346615176774283,-0.35590484338182177
-0.07413359229394548,0.6956248963363546,-0.8025406366046323,-0.9472228073902618,-0.49749466481411453,-0.34085696995326725,0.0,-0.6738557951469003,1.296244877983732,-0.49749466481411536,-0.9472228073902617,-0.9151587885440194,0.15267227264846966
1.2051809683015715,1.414801784326177,0.4382771650173578,-0.8726804083064876,-1.5172251811641366,-1.5307747913166185,0.0,-0.6738557951469003,1.296244877983732,-1.5172251811641366,-0.8726804083064877,0.3660353957560375,1.5088779153959135
-0.24858557782969778,0.6956248963363546,-0.8025406366046323,-0.8247630274083887,-0.30097625417466356,-0.5784767548719989,0.0,-0.6738557951469003,-0.7714591717850942,-0.30097625417466356,-0.8247630274083888,-0.5697456060818449,0.15267227264846966
-1.4115988147347134,1.414801784326177,0.4382771650173578,-0.3524909986999249,-0.8911412782135819,-0.549981940304855,0.0,-0.6738557951469003,-0.7714591717850942,-0.8911412782135819,-0.352490998699925,0.030666338400332307,1.5088779153959135
-1.3534481528894624,-1.4619057676331129,0.4382771650173578,2.155053164187412,2.1268614095166054,1.8813792322989167,0.0,-0.6738557951469003,-0.7714591717850942,2.1268614095166054,2.1550531641874127,0.655664865243752,-1.203533370098974
0.2166197169323084,1.414801784326177,-0.8025406366046323,-0.17723164388664508,0.7381554374525353,0.6049100787011981,0.0,1.4839970320089038,1.296244877983732,0.7381554374525345,-0.1772316438866451,-0.6788064916830335,0.6612493886787612
0.8562769972300669,0.6956248963363546,0.4382771650173578,0.9182545263401034,0.6382887779956506,0.33261271198799897,0.0,1.4839970320089038,-0.7714591717850942,0.6382887779956506,0.9182545263401035,0.7214230495985428,0.8307750940221916
-1.237146829198961,1.414801784326177,0.4382771650173578,0.5095573235836313,0.14639345082957825,0.40863963338184917,0.0,-0.6738557951469003,-0.7714591717850942,0.14639345082957825,0.5095573235836314,0.2042087426476242,1.5088779153959135
1.379632953837324,0.6956248963363546,-0.8025406366046323,0.8180872128462542,2.3354021402767478,2.290860682872031,0.0,-0.6738557951469003,1.296244877983732,2.3354021402767486,0.8180872128462536,-0.7147166589689268,0.15267227264846966
0.4492223643133115,-1.4619057676331129,0.4382771650173578,-0.34293584897262436,-0.8796409951934606,-0.619151880190153,0.0,-0.6738557951469003,1.296244877983732,-0.8796409951934606,-0.3429358489726244,0.11160332040627138,-1.203533370098974
1.2051809683015715,-0.023551991653467837,0.4382771650173578,-0.3870232660142219,-0.9327032483317721,-1.1274353587560264,0.0,-0.6738557951469003,-0.7714591717850942,-0.9327032483317721,-0.38702326601422193,0.6192617247519504,0.15267227264846966
-0.8300921962822055,-0.7427288796432903,-0.8025406366046323,0.34892358864374895,1.5825076816082047,1.3353879121471153,0.0,-0.6738557951469003,-0.7714591717850942,1.5825076816082047,0.348923588643749,-0.6077869567192103,-0.8644819594121131
-1.2952974910442117,0.6956248963363546,0.4382771650173578,-0.6517540453477629,-1.2513250358872763,-1.1035970680982556,0.0,1.4839970320089038,-0.7714591717850942,-1.2513250358872763,-0.651754045347763,0.19140513433108106,0.8307750940221916
